"b","g2_FormB_pos","g2_FormB_full"
1,0.707913566691609,0.00117991353055831
2,0.184279511473766,0.000165815319289288
3,1.13879881188967,0.000817605820522686
4,0.0136144841353276,4.41854413251953e-05
5,0.563512034572225,0.0014516797569988
6,2.81547746572489,0.00125109858453969
7,0.643824160465289,0.00160034633161761
8,0.633873177487512,0.000305760181460981
9,0.0632972050718165,0.000175142141197196
10,31.2247487822515,7.38579619195936e-05
11,0.38611427486391,0.000549786786709499
12,0.647703691050408,0.00181071118467818
13,0.0637814753980972,7.4631152668525e-05
14,0.0185605946096265,0.000109260122067233
15,29.3588043231555,0.000848344700942267
16,2.00845078323082,0.000940128757033932
17,28.6206750210483,0.000816131597781709
18,0.564650671070282,0.00261913429636325
19,0.505138956357306,0.000537113880925704
20,49.7837089874099,5.80255213123913e-05
21,0.586772082766516,0.00119003122017229
22,0.20229632376411,0.000377541905089374
23,0.123242745636322,0.000384081884544268
24,0.58546148184374,0.00137288609667698
25,0.118359762521315,3.59439975637944e-05
26,0.565087625815806,0.00109381643583167
27,0.273632710877052,0.000633940051587514
28,0.681308616231268,0.00154263251373787
29,0.607223604963398,0.00371850566286623
30,28.6485555445587,0.00161530514431533
31,0.656268020968159,0.00140451940668436
32,0.584933457708679,0.00399901829363903
33,0.074980488137382,0.000575286397268552
34,0.696311976164566,0.0016684667504496
35,0.718920186288588,0.00168233234943243
36,31.7335529518358,0.000154616209564734
37,31.471874424403,2.02330543360776e-05
38,0.18946368970051,0.00050518236351744
39,0.757961657225331,0.00190115912516854
40,0.358974265512054,0.000812437615469098
41,0.668426071079038,0.00105150684441809
42,0.705225676096906,0.000828528552114698
43,0.541730983451576,0.00363066042682315
44,1.40675331220581,0.00769081281637601
45,0.197682399610266,0.000209190028635361
46,30.7635650609959,0.000991843546880065
47,0.599870572916996,0.0013058356379985
48,0.0188422473611552,1.79131852885775e-05
49,0.000735095566187748,5.62005355591551e-06
50,0.247428312284362,0.000808493756287933
51,31.0082302418016,3.08806278544707e-05
52,0.649648594656011,0.000365542605758963
53,0.00247246798108843,2.12697879368653e-06
54,0.190758580739966,0.00115335683654276
55,0.34007655350902,0.00138693274224066
56,28.2643348611186,4.55436017426625e-05
57,0.429603263819202,0.000797954111008083
58,0.516964488752403,0.00099603999592274
59,0.599446676210393,0.000718478175148202
60,33.2228855354523,0.00350970286740775
61,0.055943703644909,5.551954397054e-05
62,40.6259408158364,0.00285897785597092
63,0.0460561908271119,0.000162154186016882
64,1.42765412734979,0.00115690289587152
65,0.499643448518649,0.000669257382524896
66,0.56941507123776,0.00133673814108533
67,0.294824035417798,0.000429303617981611
68,1.81872952282389,0.000530971406726734
69,42.6603127048976,0.000583991344906921
70,0.535607069924507,0.000621525183749625
71,0.0060954266999711,1.13339222433139e-05
72,30.2272222259768,0.00156415649918315
73,0.0277112719054546,0.000111301843193332
74,0.507644955981134,0.000266593121768646
75,33.3111530539237,0.00335999485704888
76,1.11560621050095,0.00209031203966498
77,0.609077490811095,0.00116621989639958
78,0.753391052425949,0.000805693384713238
79,0.496325708424117,0.00052612360871481
80,1.1159943805738,0.00366571878422139
81,0.213682773096913,0.0012500933348255
82,41.7216082296347,4.67611190404042e-05
83,0.417783269098511,0.00347765694906398
84,0.36415047286988,0.000492339189754736
85,31.6134709944361,0.00119489365462509
86,2.48480266188295,0.000775729520878545
87,42.746196452553,0.00113694663579747
88,34.452219440517,0.00221703497125148
89,0.00845389062916503,8.91739355778852e-06
90,0.682943247927664,0.00151841593402607
91,0.554246990031782,0.000730203286699195
92,0.0066030031302526,7.23361391816074e-06
93,0.69957735616362,0.000481162127600448
94,0.264472643631837,0.000559521223576053
95,0.155618972915358,0.0009304443694869
96,0.520707513820497,0.000381113845726044
97,44.2308376581669,0.000621479366998557
98,37.9363747286378,0.000855719360602898
99,0.259409377832116,0.00223916612723743
100,0.0939457294771848,0.000286638625459648
101,0.0639914366054311,0.000279769845234616
102,0.611213017901151,0.000877529897592405
103,0.0706766362832421,0.000242010456053127
104,0.575667333563972,0.000571008858417985
105,0.00435437593733201,9.20515430681136e-06
106,0.657826521631203,0.00274092194092005
107,0.395026688721815,0.000430384957529488
108,28.0677854393049,0.000915050477473373
109,0.12203129360064,0.000139454042472407
110,0.152226865970501,0.000413872116191392
111,0.450377225961994,3.85938077294941e-05
112,0.243606499776688,0.000340229462649085
113,0.000289053040798402,1.04879769198713e-06
114,0.149888407174764,0.000831449778796477
115,0.235705361471408,0.000671409714607122
116,0.313581881127034,0.000354306481269536
117,31.7594576724644,0.00315359703628826
118,0.0262602740442454,6.57715061346373e-05
119,42.6163090589765,0.000192198984085768
120,0.77656635112208,0.00486631620700512
121,0.0918015242467172,8.25945163274304e-05
122,0.473852205462924,0.000333535384847544
123,27.3978026947932,0.000462762980816997
124,0.57138820167176,0.00152612125351361
125,0.675341447007602,0.00134713163452627
126,0.579012490902306,0.0006188942966463
127,0.279031335348379,0.00033493509752243
128,0.607018617194946,0.00188460636035376
129,0.659630445001025,0.00780940892506148
130,0.661788087234757,0.00556400971828179
131,0.00241083108320576,4.43397674026756e-06
132,0.724598357432875,0.00125422288395597
133,0.647646308726936,0.000465291277443076
134,0.2041923075244,0.000472583301272576
135,0.195738885910818,0.000538777887949195
136,1.40708805079435,0.000348025602012752
137,0.00728829991978012,6.53746973713107e-06
138,0.574236271851916,0.00164216491716074
139,0.298091676536234,0.000767266575405667
140,0.496802319946661,0.00142819380535323
141,33.3194412426783,0.000702047236437928
142,0.393506726700625,0.000964773611810649
143,0.790373080883678,0.00150451247244665
144,0.675155860136758,0.00109226039204694
145,0.510863548182581,0.000865771926262
146,37.913271519411,0.000510256209747781
147,30.3646354392371,0.000882081736787574
148,0.0828184072097539,0.000217126973797157
149,0.000403522687692954,1.45388263841142e-06
150,23.9029898586174,6.12514331039127e-05
151,37.1106810667896,0.00114332257086771
152,0.638476907228533,0.000451903911212693
153,0.313781078603693,0.00142592402673733
154,0.413917566426287,0.00145865595872123
155,23.8412816385185,0.0012750099671098
156,0.242411833281239,0.000111763388303851
157,0.686623015480314,0.00131995980955126
158,0.565461111259149,0.00065834027121517
159,32.6567864408858,0.00128577226975527
160,0.00851665144377834,1.44869587788187e-05
161,41.1560790392056,0.00228150018593598
162,0.501944798958253,0.000751995116443217
163,0.268607514835648,0.000206231461785102
164,0.214265426053685,0.000734107332112132
165,0.626591917973894,0.00102283936863044
166,0.237720525533798,0.000481355180334563
167,48.4355559755536,0.000141379705923357
168,0.584578369198653,0.00308091004984553
169,0.675983116022426,0.00145848167239496
170,0.704852575551835,0.000367388986371794
171,0.630105371316301,0.00102364180250313
172,0.0633986098862452,0.000120256629702366
173,1.03096905482058,0.00770052995653632
174,33.5958380394555,0.000280941854670881
175,30.8200387783318,0.0010794086651532
176,0.461794636153339,0.000857063111903636
177,0.746991370875608,0.00406691414636303
178,0.489403323337803,0.00429292014879627
179,0.692721852533021,0.00207561089395381
180,4.16654389769058,0.00105215838365139
181,0.700262530538751,0.00322589918280872
182,0.385436728396517,0.000661161088449551
183,0.0111183161726567,9.34238386838808e-06
184,37.7784959234608,0.000294937167992681
185,0.62970579275147,0.000624333377355362
186,29.770778097016,0.000733559275196827
187,0.356792855038975,0.000670424128112688
188,0.133802201188144,0.000301736791501073
189,23.703772933281,0.000847184689611129
190,0.13833092887127,0.000512338984702703
191,20.6580152549923,1.99901322668964e-05
192,0.655335726811148,0.00134676204341589
193,0.685001293890656,0.000782719709376859
194,0.712411221658542,0.00106824571025925
195,0.038255948854981,8.20822008471324e-05
196,0.654575608274646,0.000631092400368224
197,0.192916959740224,0.000283818135856245
198,22.5405850127019,0.000357657649388122
199,0.074100878488117,0.000238228455426525
200,0.705573708232007,0.00391599852990789
201,0.0931552652583622,0.000272850167895733
202,40.2105815402005,0.000965892931070204
203,50.6194916511168,0.000884321202030739
204,0.510266114812742,0.000810456516270586
205,0.566859790067722,0.000999562310650305
206,36.1365438077089,0.000712198334665196
207,0.000748667232126443,1.4677505541087e-06
208,0.992662613847632,0.00042493491481312
209,0.718936067831544,0.00709254393823067
210,0.335994058176965,0.00040076633961799
211,0.396972892658739,0.00507553329814494
212,0.67389090086931,0.00245892627467666
213,0.00362937807991418,5.5888700649996e-06
214,0.142704015227432,0.000122143844434669
215,0.0283807371012804,0.00010193743830088
216,0.219530750283434,0.000643982310259821
217,24.229480768782,0.000103048752520571
218,0.664370292916683,0.00172632836801002
219,0.0410486396286531,0.000114641015650867
220,0.00223884794496235,4.49608941700073e-06
221,0.0212533640384086,5.36343534299028e-06
222,0.126680939596531,7.74856790551303e-06
223,0.368672823856275,0.000658552305857309
224,0.673189738401558,0.000452204922595063
225,0.332058290793119,0.000706145445332203
226,0.0041831612278874,6.77909965690821e-06
227,0.0306033855574734,7.97635369828487e-05
228,29.4576351047771,0.00249655798181408
229,0.156459831343657,0.000815284723381323
230,0.674736135406711,0.00104545500808803
231,40.1590982927786,0.000724034551966636
232,0.387926368633278,0.000737661789008914
233,1.19135176201969,0.00291060504426489
234,0.0970287819826658,0.000188903428676167
235,0.680826829712494,0.000755578024594463
236,0.486268189370739,0.00190310837634007
237,0.301211709168239,0.000858383661986584
238,0.760485178757125,0.000575588385100304
239,0.369779277120816,0.00172202272740129
240,34.5780299983433,0.000667573395153669
241,44.3384485496783,0.000195694461547533
242,26.6325626000022,0.000493050843066738
243,28.7073243777692,0.000445242602391125
244,0.829662698849752,0.00487997813959694
245,34.496244305901,0.00019358169429558
246,1.91852419631229,0.00725758576557286
247,0.462900284408964,0.00191572799244106
248,0.627976274283076,0.000154559887356839
249,0.249605064938643,0.000346363337007179
250,0.0086551596130985,9.53313182931951e-06
251,37.0623015052735,0.000129624947539321
252,0.341955171167204,0.000717890287876829
253,0.681049588338191,0.00539927395681616
254,0.60680429987172,0.000704962801898189
255,0.599686092754651,0.00351516928132981
256,0.0236448961345189,0.000103285358467449
257,0.00282967553675229,6.5102458070124e-06
258,0.58714592137157,0.00105738754212169
259,0.359076675155984,0.000501724228712886
260,33.4947669887646,0.00101756612558407
261,0.000234320804024372,1.53397561035459e-06
262,0.601986192198724,0.00252745154476041
263,35.8675391521469,0.00313562267337114
264,0.546404964892097,0.00182863078844337
265,0.702397791851473,0.00144388269159923
266,31.3926631999144,0.00223671274235488
267,0.000857251894670887,2.06365116692474e-06
268,0.486378769609228,0.00217101209664468
269,0.489950679972759,0.00350767864991064
270,0.711587667008763,0.0011636611709361
271,0.556026429172492,0.00103563998987634
272,0.431524193134422,0.000426731114452125
273,31.5652611868363,2.87645893606035e-05
274,0.0602168002830122,0.000215173650167274
275,30.6347433770206,0.000206917523114434
276,0.714276092358181,0.000877024719238982
277,0.0334925630145999,6.46831593714708e-05
278,0.672585093534651,0.000917261459763896
279,0.411126242818796,0.000429519416332272
280,0.338950119886916,0.00103924480415192
281,0.519747671358737,0.00257809233228345
282,0.288230275377692,0.00398926408397592
283,0.0988135019360152,0.000660230148626235
284,32.2945296919125,0.000402713888977059
285,37.0378617596102,0.000463933373583893
286,0.515973269597519,0.00574675565703923
287,0.432855253640746,0.00166094127749887
288,0.033433721353557,4.99372850378499e-05
289,0.281878664308634,0.00117721718670408
290,0.474814206905122,0.000923630773974426
291,1.09681538850145,0.00278596099539197
292,26.992029240221,0.00224677715455846
293,28.1686041889945,0.000193613946004362
294,0.625992613675164,0.00133676709967429
295,0.645479620486902,0.000815346232936507
296,0.599130057402911,0.00493608981110477
297,0.610671553526348,0.00235358988067678
298,0.456918739733414,0.00444276120508874
299,0.69327764653322,0.00159423952801342
300,30.7897670962934,0.000980644456873452
301,0.605535466527197,0.000551496722976211
302,0.00405614531723078,6.37251750412954e-06
303,0.167167981664421,0.0013328705011494
304,0.356572264570964,0.000570193113473357
305,0.557345241107221,0.00100684713753613
306,0.207676767306239,0.00070269167461058
307,26.7005343697319,0.00241359831910281
308,0.571012318332135,0.00130921141271969
309,2.36922596994806,0.000362490455157962
310,0.576269625633322,0.000713672213576713
311,0.376876254024047,0.000253907094794982
312,22.7094485124334,0.00037172535339065
313,0.001036872501059,3.3183618953949e-06
314,0.679281377873757,0.000542682414779214
315,25.980702266545,0.000527287586664155
316,29.7736112199573,0.0010201991427927
317,0.679331554097968,0.00101126840883889
318,0.570468625751895,0.00192496545210701
319,1.02196983751145,0.00220469056140426
320,0.6186721145239,0.000588178315982532
321,0.87104011540406,0.00412104226709312
322,27.1553912095328,0.000910613554883933
323,36.9940225086989,0.002191413294454
324,0.688286547106052,0.00121310220256745
325,0.472783155184803,0.00138933388770982
326,0.0506991058021856,9.47116666021598e-05
327,0.192412231134682,0.000519528735808111
328,0.318463741694525,0.00188794585633413
329,0.00732429214884613,1.3034850340864e-05
330,31.5083571209516,0.000799573708311042
331,0.560562995905314,0.000519507616413008
332,0.381572941113028,0.000785803461514681
333,0.0198250550421067,4.842618653743e-05
334,0.65231593698349,0.00540160876929068
335,0.290025564230739,0.00123896643461687
336,32.3455115799838,0.003864249650483
337,1.013690369073,0.00284244105554183
338,0.000176448360124826,6.2004847900778e-07
339,0.794420154484803,0.000971859181135237
340,0.548971560377206,0.000934143616626466
341,0.694773225192225,0.00190470074822496
342,0.491978213794488,0.000436745252832705
343,3.31598166078097,0.000904171227131771
344,0.499816560642899,0.00531495543291974
345,0.571839609243279,0.00152479337768109
346,0.70769422328654,0.00295346734135514
347,0.100176168581589,0.000780685990516995
348,0.495140311740729,0.00121944161050909
349,25.9690016602173,0.000976769186362761
350,0.287538471272074,0.000681376229209949
351,0.665737210384521,0.00211006699681035
352,0.422020100117889,0.000197541168781737
353,1.6124559882981,0.000890665188770979
354,26.5581924665559,0.00114169390699604
355,4.0266894122084,0.00205467906527368
356,0.0644548205613145,4.99651740966137e-05
357,0.210638647275737,0.000485021026183529
358,0.400068791345731,0.00113614988541566
359,0.112061529092091,2.5257216181902e-05
360,0.517457986130468,0.000723423494802516
361,38.580160396084,0.000997594905510986
362,0.297165047490536,0.00134208635846688
363,0.748886180879025,0.00117356989216405
364,0.147889263012069,0.000376999934383668
365,0.408912267207784,0.000649621438886317
366,1141.5778735529,8.40988130909583e-07
367,0.359673068591257,0.000552374688684154
368,0.667960302451648,0.00152116114813741
369,0.10049222819557,0.000296488397066351
370,29.4284091891186,0.00054274227750556
371,29.8193958286615,0.0010203609225534
372,0.472439222676794,0.00144821414763172
373,0.604876830442492,0.00106392441066676
374,1.10266112772701,0.00297813915819647
375,0.195811981834417,0.000868365312532286
376,0.367387154495496,0.00534566736747062
377,0.114143655565173,0.00036489539521361
378,0.586669128546684,0.00109190096759976
379,0.655020777265111,0.000459755907415082
380,0.0128731857810656,1.71597040614983e-05
381,0.00260264327936808,6.23661204855603e-06
382,0.00361750365656245,7.13677854587991e-06
383,0.64158322337979,0.00043366365339067
384,1.77655741930466,0.00166296838047319
385,0.62654015849962,0.000347369523001619
386,0.620753229966606,0.000895641057230397
387,0.690910695974916,0.00267583637293399
388,0.660987711659072,0.000327801927362357
389,33.9244646467574,0.000552295735013838
390,0.00698504690217734,7.36150436472379e-06
391,0.417955479204202,0.000281261736480509
392,0.270372284704582,0.000654890969899878
393,0.0337675329807385,0.0001321196481476
394,0.920103074610892,0.00189747407634142
395,0.690078841119833,0.00133350857588109
396,0.165153019528921,0.00145157934256975
397,0.247850575484817,0.000976405743327256
398,0.616954768013088,0.00105673496494017
399,0.725465875088244,0.000804106390437905
400,27.965314473195,0.00130039217598705
401,0.215781498465369,0.000249092083158507
402,0.72362118942487,0.00140138909125482
403,0.714850441632096,0.00605974186407864
404,0.127646176048997,0.000350507881979351
405,0.390392346400164,0.000223960366412529
406,0.554263171625303,0.00121268157707312
407,0.257040518127619,0.000603105708608155
408,0.732220390447623,0.0038707091800373
409,39.4809994947436,0.00110359771934184
410,27.713453140973,0.00108473700808221
411,0.688493922308772,0.00258612476779238
412,0.735941751999559,0.0139354758239717
413,0.0442007789292398,2.42816531888717e-05
414,0.76088066357657,0.00282924881788647
415,0.649740602491098,0.000804639315776301
416,0.219536651471595,0.000424890655822488
417,0.418386836253239,0.00103366224809996
418,0.720635454138216,0.0021244335872679
419,0.410610244389257,0.00124825235731607
420,0.137158975561637,0.000523194104862654
421,0.214017294936675,0.000588550878514392
422,20.4873942977372,0.000521583262525216
423,0.662619338493457,0.00368882977369391
424,32.8179235986705,0.00133179342101897
425,0.519462363515498,0.000376515587809406
426,0.342332262674585,0.000531207578582932
427,1.55427791631427,0.000577506633734662
428,0.0187697867341401,1.45027893547109e-05
429,0.484675762607967,0.00295444946241407
430,30.7978609960339,0.00166866602533614
431,0.059057638443288,7.77124341344363e-05
432,44.9233332861219,0.000519924581264568
433,0.0440294262089613,2.95158943318727e-05
434,0.360132272760452,0.000518094077743148
435,0.724709509439826,0.00264257361916045
436,0.785159413132753,0.0033782207601394
437,0.565601249838385,0.000766935910893444
438,0.232496273653789,0.000554799561466817
439,0.632228361154754,0.000537312024117922
440,0.694610573678663,0.000769872107900089
441,24.5089283647843,0.00057522913111541
442,0.366026321775924,0.000735182359780821
443,0.355937348559714,0.000726322896381302
444,0.370244944053086,0.00110186482674278
445,0.763351917104719,0.00159027165918736
446,16.6873833257074,5.85902031760418e-06
447,0.708238698346771,0.00254253101163019
448,38.0109709805544,0.000979433837638536
449,0.710095167324735,0.0016530477403176
450,39.3111763232036,0.000590153070782615
451,0.22269857443075,0.000863045777964485
452,0.661361463109472,0.000780633398733157
453,0.0165524353397694,1.53111352099079e-05
454,0.316726060073485,0.00014317435334637
455,0.0687247797028192,0.000158286404620044
456,0.6936355912518,0.000378155124292029
457,0.5782978382401,0.00067306726186128
458,0.0940286939910912,0.000573504744137153
459,0.439733057078298,0.000851150823864067
460,32.900524069774,0.000201577180008192
461,0.636954323521558,0.0015871496650056
462,39.7089636057529,0.000116737327101357
463,0.686850749516333,0.00235091945096458
464,0.367715662246187,0.000854538904833193
465,28.4508694762311,0.00066544727544442
466,0.757207303654602,0.000913685678209752
467,0.307994663112333,0.000772933491036311
468,0.560275023605678,0.000867380650142343
469,0.753692991564269,0.00295228895449114
470,24.4184478896469,0.000134743627824107
471,0.7157667770997,0.00444425617839849
472,0.00602391665719454,1.07914557594384e-05
473,37.8454258541129,0.00133806916914032
474,0.692388702329249,0.00223207442763883
475,0.702702706133571,0.000320372481619636
476,0.0709048956038804,0.00024072712218101
477,0.380349865105716,0.003486297437621
478,0.773847938177946,0.00140481564307434
479,36.0812762949981,0.00117491516964809
480,48.5618399205452,0.000718568898871892
481,0.297142017422939,0.000117927223252848
482,37.4490293685426,0.00045126495687684
483,0.647649921459545,0.000920233050050065
484,0.467927428865585,0.000623705216734195
485,0.903668589018951,0.00332535596413518
486,0.0552704901929968,0.0001503749420843
487,0.51445663497302,0.000671593275067806
488,0.55988444078629,0.00245888834780959
489,0.645850451594466,0.00148494323733699
490,0.535333738348287,0.000411126778745588
491,0.278101402262725,0.00141319256855712
492,1.74080674852099,0.00309480083952287
493,0.654778279363775,0.00127818248568087
494,0.651347251815467,0.00184534202002967
495,1.70913000765888,0.00636064920560211
496,0.348871855270537,0.000506057214559124
497,0.0990752110444161,0.000383425774969634
498,0.664553112709411,0.005920923525178
499,0.329480690561938,0.00058817627956984
500,0.230465918359313,0.000350684887210478
501,40.1627651965699,0.0037723382170726
502,0.51065012226088,0.00110546517666798
503,0.694599903714624,0.0052345751341759
504,0.452311313008608,0.00100253763047446
505,0.265758440629425,0.000687781070524672
506,0.50488374797025,0.00113681265271056
507,0.713897988442053,0.00515156122216958
508,0.492035270815834,0.000708253179022803
509,0.414952176211335,0.000905021440249866
510,0.178765116114996,0.000378489431763548
511,0.712814776425052,0.0013369911495603
512,0.0309685809987888,5.68399099281942e-05
513,0.588229940990399,0.00275426822321096
514,37.0848680820016,0.000538033240494048
515,0.759028209583329,0.00096749532073983
516,0.834307424970887,0.00302746237220754
517,0.00119274579445021,2.19810417937411e-06
518,0.875024443613902,0.00228586593410041
519,0.666841202349894,0.001537654817103
520,31.9672866040935,0.00164911163467725
521,0.469646436186338,0.000606970492371666
522,0.753993488593196,0.000924411173725752
523,0.719227867360651,0.00233993399709054
524,0.537429691493923,0.00208273752061759
525,0.659964968150276,0.00112798712535553
526,0.62636860464383,0.000970163616168404
527,0.0106331677947181,6.8130159592794e-06
528,0.718312140165176,0.00219936379119695
529,0.000358473628316573,4.28109686775705e-06
530,0.495156168012355,0.000809840892503507
531,0.00476993242473497,3.83649333580513e-06
532,0.377706268506129,0.00183299673009496
533,0.622774123437875,0.00147792028743319
534,0.388774507136526,0.000913982890770431
535,0.00165698840589467,7.50556506866144e-06
536,0.0249568010682457,0.000101515877008419
537,0.00212558094075727,2.14776677282801e-06
538,0.576167337973739,0.00117661343512514
539,39.7334610909126,0.00158204158871526
540,0.00114111283182294,2.82673273496714e-06
541,0.605834865187622,0.00066186457630224
542,0.0316285773158037,6.51164855324665e-05
543,0.0518414786200653,4.35621028997223e-05
544,0.576025656866631,0.000878869156159017
545,0.70404229094505,0.00397364061253456
546,0.392529710203634,0.00120396700287026
547,0.650225604500957,0.0120648869543209
548,0.638701372354838,0.000979052276480087
549,0.321811999958128,0.00119391111033686
550,0.566424886977057,0.000608426021303749
551,0.64766758383561,0.000894446676237472
552,38.9131228648755,0.00105091408565973
553,0.574989472963916,0.0014211503661702
554,33.9295261042674,0.000456674340180882
555,0.631268040189946,0.000512314189467303
556,0.293609000082715,0.000242359383268227
557,0.404465449078921,0.00180096304269177
558,0.525461315597413,0.00178973702976153
559,0.696091761130836,0.00125383577939253
560,0.549657252386554,0.00107440801662332
561,0.713189196694832,0.00230510859562827
562,0.210310523132641,0.00120891456127329
563,0.768065667108653,0.000892182103925352
564,0.665999357856203,0.0010623210183715
565,0.621587616422297,0.00141018185673624
566,0.0588525581671812,0.000189991639859297
567,0.666278009341582,0.000610034477742322
568,0.138234443792526,0.000145864154772008
569,0.0181839777477205,6.51050078355497e-05
570,33.8024039778775,0.000336427776241847
571,30.5503687031301,0.00215815490549005
572,29.0334964451356,0.00158125223156168
573,0.343003954091712,0.000529242829043134
574,0.509039870411763,0.000831693848961904
575,30.3537711939314,0.000298859506631609
576,33.3586537062258,0.00113076163397792
577,0.66451582987437,0.000338861174385545
578,0.0346300906758937,5.7524372543296e-05
579,0.594460056871246,0.00246209687253155
580,0.775394993827284,0.00170469235995516
581,2.33455081406339,0.00061504174091333
582,0.618825987061168,0.00417019713674558
583,0.741378149694592,0.000415286972800094
584,0.746664228497494,0.00109165501959573
585,0.647964481941091,0.00347240198349947
586,0.33087538240371,0.000622505643764798
587,0.319952657672731,0.000575585213066929
588,31.4916661575557,0.00172409236533831
589,0.571372671042235,0.000482786540086456
590,0.247044584149701,0.000432778869641472
591,0.48092027500968,0.000371719270797184
592,0.00362861971157079,1.32321040657245e-05
593,0.67977689816527,0.0027042631998665
594,0.744421898905066,0.00263592580106667
595,0.581412597710363,0.00313501510523666
596,1.52721305800741,0.00151395207658009
597,0.581568475268127,0.000731916263718979
598,0.0978228029541959,0.000351361957489636
599,32.6586456158108,0.000646848521293268
600,0.000427526525751961,1.29002228819057e-06
601,30.6475469367723,0.000249749380050038
602,35.9015609819954,0.00177824184885319
603,21.8005140127204,0.00022272924007194
604,49.651226436177,0.000173606977560235
605,12.5257209665548,2.95847937524229e-05
606,0.115102010386398,0.000731791892615983
607,0.317988380640145,0.00100940674999446
608,0.383671586202666,0.000547097152420938
609,0.551621159005586,0.00708961689860756
610,0.748687285122434,0.00157326309568396
611,0.652367210403627,0.000527863331890612
612,35.8107061667258,0.00296390782576238
613,37.4797849683044,0.00335883748894872
614,1.1564102365251,0.000361535113556196
615,2.03354812216985,0.000488376451531832
616,0.370132044612191,0.00128579306294007
617,0.554319196073277,0.00136663556951115
618,0.623769954796338,0.000722566850779221
619,45.7094289943074,0.00196230175869674
620,0.206379441913325,0.000605631523929928
621,0.0433955656275708,0.000231161427232617
622,3.17239109424576,0.000105409475388801
623,0.562660076372958,0.00099122172427215
624,34.0027554545606,0.00042941759105818
625,0.476323893799512,0.000721863950962229
626,1.58649976414244,0.000638835919723691
627,0.72792127356372,0.00293054097402997
628,0.0522236110825249,9.52211263585129e-05
629,0.579836006094019,0.00133956707156275
630,0.332822702545858,0.00158672002102551
631,0.582995769741556,0.0048500162340223
632,0.740098551825967,0.00049390509323201
633,0.51468401731441,0.00101216900848545
634,0.263920937623462,0.000111759758853349
635,0.676685984065311,0.0016113896132492
636,0.0805994408658847,0.000115449481833932
637,0.673025391708555,0.00256472442270392
638,43.961547035273,0.000585296356690707
639,0.313952901076299,0.00185400844471975
640,36.7664987352808,0.000257635045701699
641,0.710427187636121,8.24817718730507e-05
642,0.68932054698709,0.00137655250813696
643,0.00707782667558727,8.02203606251843e-06
644,0.503005852154326,0.00115535156155514
645,0.48935312688218,0.00226902412476694
646,0.757956883825627,0.00678646317233095
647,2.68823642822713,0.000976649101641709
648,32.3221452643897,0.000515212635021746
649,0.399955953798464,0.00110651659407548
650,32.2431348973718,0.000904283445362946
651,0.799120949820081,0.00205544884071757
652,0.157002062424192,0.000585704944095274
653,0.0127948108056277,1.18996770126999e-05
654,11.1992612025363,0.000309188317249899
655,0.0182124946622131,1.07921336982139e-05
656,1.33187396211635,0.00159827234233033
657,0.0052293815420899,1.12198773180697e-05
658,1.72628003911568,0.000340619528717932
659,0.0242119513947552,2.92444136228918e-05
660,1.62271556826098,0.000432012169847343
661,0.663551447208664,0.00122463499474367
662,0.867239115395052,0.000788715232802313
663,0.116363951822218,0.000518680608646019
664,0.765875430663151,0.00265056600377615
665,0.165027326732913,0.000335999256661917
666,0.478444556778754,0.00115399260288249
667,0.267964215246552,0.000942717716574722
668,22.213863693621,0.00108918707314343
669,0.557238385094042,0.000680031591168913
670,0.557504702543643,0.000315031646265344
671,0.386236568345906,0.000219459855331389
672,37.358812681837,0.00100236956131405
673,0.6569152473513,0.00947736489398811
674,0.562013707526238,0.00200823483799952
675,0.00022090011436048,1.21182385942874e-06
676,0.379821831678357,0.000425025306136204
677,32.833626065872,0.000649586942299591
678,29.2662734262586,0.000230926186955544
679,0.030180817094871,9.10127983612903e-05
680,0.247441114945065,0.000892540706404952
681,0.242049899118804,0.000639629498198819
682,0.00351722237265278,1.16026300689723e-05
683,0.9193932204777,0.00246943936345262
684,0.440701816461494,0.000786378939066333
685,0.382708669268189,0.000459563100923687
686,34.5927486520571,0.00192780983705816
687,0.432782105891914,0.00153661147245466
688,5.12443513929829e-05,1.38165479876751e-07
689,28.1298684743577,0.000502007942605585
690,0.712335020505878,0.00172532337921001
691,0.845775460941804,0.00206929034210711
692,0.657701057605342,0.000453160670251083
693,37.1274027205442,0.00238341271609929
694,0.556307920312392,0.00230297709198514
695,0.708912549966162,0.00228027948681405
696,0.184730956905637,0.000590220169850169
697,0.00184675983474918,3.38118421328518e-06
698,32.0801240834819,0.000723568850000369
699,0.028583337491657,2.28042532746721e-05
700,0.592140306577748,0.000951531952888045
701,26.1007886489466,0.000216954530656608
702,0.87148416239441,0.00470774721141526
703,5.94058956679779e-05,2.12874479129953e-07
704,2.11574157225448,0.000453010825168495
705,0.432840256192967,0.000681753495841333
706,0.487057841627095,0.00107800954700974
707,30.0806868495762,0.00275947317814967
708,0.020329570448586,8.29499440880398e-05
709,0.749188255701246,0.00172118065121248
710,0.519883583318301,0.00143478473061275
711,0.700194198884102,0.00103921879269415
712,0.608492885935293,0.002245201273969
713,3.05507933577504,0.00106291952308097
714,45.1567692613163,0.00094050448768835
715,25.2632087626461,0.00137137842526882
716,0.457002864365127,0.00080357409638038
717,0.824022822144433,0.00115595030650309
718,6.55513871486151,0.000734324823931579
719,47.470253306943,0.00138611143868585
720,0.452302145897798,0.000798280457818771
721,0.243904605421397,0.000533823506353281
722,31.3059442251613,0.00242266083032968
723,0.41129779241844,0.000831012605081408
724,0.0603716712649167,0.000223693056112505
725,0.018653656884462,3.7086224941799e-05
726,0.000302563457215907,1.06808339325453e-06
727,0.0700669623044715,0.000214878553362604
728,0.814590605321165,0.00195248289832382
729,0.0296832418977328,7.91702863104551e-05
730,0.4321924496738,0.000857371409861571
731,22.1426981936992,6.89591430716161e-05
732,0.671734432079912,0.00138347639298358
733,0.371038651434532,0.000422286473199743
734,0.000687355862973367,4.55503376664357e-06
735,0.517250859242331,0.0013709485401652
736,0.150286031014123,0.000178715391256754
737,43.5562333071633,3.92826496199326e-05
738,0.000713441546003336,4.74519014597609e-06
739,0.432900206341372,0.0017199568896541
740,0.915030165261202,0.00522889512741658
741,0.0736088088886143,0.00051043365921559
742,0.608943672791076,0.00116644414653329
743,47.9228979138185,0.000984270188016451
744,38.7319272776171,0.000492686960908196
745,0.676717527771154,0.00159345276695349
746,0.898141729728115,0.00118353453424777
747,0.656088566110168,0.00107012968986553
748,25.4993993451628,0.000182948338387237
749,0.203885905021581,0.000493019108382425
750,0.403372767929457,0.000761745153819773
751,0.399643675284293,0.000520749873641347
752,0.32717787813053,0.00028452353307197
753,3.01309067789904,0.000291819542254059
754,31.2079221220051,0.000228484031299419
755,0.0776703602003112,0.000270980516556107
756,0.290106780032684,0.000766031387082985
757,30.9035414247495,0.00040305690207136
758,0.730176702063192,0.00129845052962165
759,1.11985011351225,0.00256464008683046
760,32.0797545501098,0.00284696635949992
761,0.137340754094706,0.000447209229928134
762,0.355798189071838,0.00130172960054062
763,0.584093800386053,0.000333097313836604
764,0.340726440310301,0.000755048770414158
765,0.688828637284828,0.000248212671053166
766,0.59431805839941,0.000919929111441459
767,0.385705629556967,0.00059926746116799
768,37.9036347239138,0.000497463638817871
769,27.6336852751848,0.000244893103142216
770,0.585948810071223,0.00206061494469582
771,27.0818815406018,0.000900596011490404
772,0.236029734994651,0.000373176052843382
773,0.224749977334465,0.000247029482202983
774,0.696699595329524,0.00063535689582048
775,0.837163942807159,0.000890996486561677
776,0.0695339967219328,0.000413442975895321
777,0.609173321013579,0.000577718328796305
778,0.369279639730523,0.000979698464068172
779,0.728629656847204,0.00209442071188083
780,0.0340015336127861,0.000160930532510385
781,0.053966682199922,0.000194819464800545
782,0.714981340309424,0.00149857866933971
783,0.622603784438193,0.00164526483223296
784,42.1285394994484,0.00174222999183244
785,30.936469486515,0.0027864050477879
786,0.738029691252935,0.00256229244388342
787,0.296880125040572,0.000929729981986634
788,28.7586991506571,0.000470797508324487
789,0.00625166974394192,1.48109813738332e-05
790,0.706279731855655,0.000914138412874308
791,30.2326715264106,0.00122522406437997
792,0.79890244471467,0.0006804334165263
793,0.362906533197357,0.000623598872491026
794,0.222585204930842,0.0005428616347791
795,0.00623591925282263,1.04722511703565e-05
796,0.78794905202679,0.00362683776950225
797,1.32397663259965,4.43864409137613e-05
798,0.460016019100196,0.000554302318630617
799,0.704357030362034,0.0017650636224064
800,0.668106159225459,0.0018898617977652
801,30.1648995950646,0.000948487048969408
802,0.0654003788210881,0.00027452216598995
803,0.386333358434092,0.00166681524311361
804,39.332496825811,0.000279567323482695
805,0.500331044806273,0.0025653336142874
806,28.3434362498458,0.000403265017348621
807,0.651875883930717,0.00307112544088113
808,46.3997169818181,0.000643730967020739
809,37.3749044699696,0.000355250051943755
810,26.5992808187766,0.00295939853783592
811,34.3517739794109,0.000764030966639161
812,1.30908450523002,0.00859832960557591
813,25.6282131761914,0.000287220111883337
814,0.50654392126977,0.000685427656314428
815,0.566833758433786,0.00385326639622717
816,0.00196968499169283,1.80020794597425e-06
817,0.461219190900443,0.000987995198237953
818,0.651932427165441,0.000863006788286756
819,0.563993495431449,0.0025128549707696
820,0.0975607843331317,0.000812584578063918
821,0.615786340755227,0.000734536941460148
822,0.275047459959816,0.000858328977352703
823,1.62286567385383,0.00209742082961284
824,0.185357410914525,0.000155479839219195
825,0.0176499701231547,3.39594146205967e-05
826,0.0511930787236837,0.000339930400306132
827,0.341583330249413,0.00145606826057871
828,0.00193318168817125,3.311684711551e-06
829,37.479263234553,0.00192190736301089
830,0.893968147141403,0.000861862105561407
831,0.0802685161453663,0.000393837017140209
832,29.7055865305231,0.000172889592824159
833,0.36543917297143,0.000889256499161208
834,0.667230993633266,0.00111681406010695
835,33.6497283082239,0.000561594950949912
836,0.0503080002028052,0.000160126172926803
837,0.467663145050868,0.000711262894924415
838,31.0660317921203,0.000375017011882957
839,0.319579753695662,0.000226179993887642
840,0.690598504324542,0.000745614433434945
841,28.9088152465768,0.00131364762164254
842,0.618906773260218,0.000831738022696257
843,0.565381056479774,0.00102068034099966
844,0.71874809684648,0.00314583481844706
845,31.6358203896912,0.00296907324773473
846,9.43902655849234e-05,5.50397315479358e-07
847,0.207949308105704,0.000934238869794707
848,32.3677069703938,0.000944235436574454
849,0.242246736005835,0.000629264888812613
850,31.2894132055504,0.000720289743238342
851,0.673223369439844,0.00250679624612497
852,0.656274109995534,0.000632295220214652
853,0.399070512263754,0.000486525816441796
854,0.576464702290421,0.000482926500550295
855,0.00284517957072761,2.81225580908866e-06
856,0.464769341096892,0.000893946624891008
857,0.671292474863841,0.000556565965333603
858,0.596369133213259,0.000947043361947776
859,0.647798812172903,0.000221237799958575
860,0.652351276434426,0.000490839915920882
861,0.576627325463913,0.00752197807033329
862,0.657824451930923,0.000657728969775037
863,0.690228347426463,0.00112631097200297
864,0.611699822238002,0.00140084407674053
865,26.1686821748737,0.000227959047217417
866,0.647461519421746,0.000292096284648518
867,0.522091139149354,0.000948906453683337
868,0.683579659614524,0.00199678502961485
869,0.788151311106093,0.00318608028412785
870,0.334238923101911,0.000523997396886895
871,0.449168610387245,0.000281030882850447
872,0.520037095050364,0.00147984504288969
873,0.712451914685713,0.000519187596027602
874,0.027173867176997,6.36101708661989e-05
875,32.135914737171,0.00120849523165188
876,0.612990348593977,0.001512754752906
877,0.266489764085914,0.000614200460764046
878,0.0414960193377732,5.64341623243555e-05
879,0.000177780366279179,2.74297846428237e-06
880,0.135222706265547,0.000807999779497162
881,0.515604690564487,0.00327039378354972
882,0.0448410013447131,0.000183409648308663
883,0.0669078788177444,0.000186572896829953
884,0.543479818999793,6.98449206082063e-05
885,1.15147308797779,0.00179538574541369
886,3.79878927891756,0.000469328503696358
887,27.3042068144556,8.64890848740883e-06
888,32.8469290915749,0.00067324957337251
889,0.269665347973002,0.000117212067561479
890,0.00270579825803352,7.14529270761824e-06
891,0.00468260662743865,1.35345126551449e-05
892,38.5509655658864,0.00153160659127928
893,0.677954787159037,0.000532359067205178
894,33.9756508515777,0.000938765668776447
895,0.0112844132292812,1.6261035493691e-05
896,0.547097388386,0.000943413640761216
897,0.462475129923277,0.00173831719699289
898,0.530989098224281,0.006215123584897
899,0.235451181035721,0.000779675339164512
900,0.536916284047751,0.00120142828477122
901,0.54679691450922,0.000759980019992526
902,0.0327770566346864,0.000103333476419233
903,0.730946578470649,0.000869104773216659
904,0.0847995663884216,0.000343841822679432
905,0.561258020726486,0.000573668949069463
906,0.324711641372955,0.000229016442087201
907,0.456997825409399,0.00354589524597968
908,40.0000774922074,0.000601725639005272
909,0.534637083305769,0.00126636770302898
910,0.0479662021482171,5.65792400049149e-05
911,0.723043775857055,0.00057086437146898
912,0.533543385081027,0.000951022554888481
913,0.244067452767158,0.00080298048403769
914,0.663888054489593,0.00324135826746231
915,0.340220539638663,0.000790994278611865
916,19.9522072228562,0.00140908741200833
917,38.6406677429068,0.00173535963471417
918,0.681668066175246,0.00317205062834771
919,0.693564739787647,0.000441191499126851
920,0.385391879532125,0.00231040053435787
921,0.438287157496326,0.000943452853930839
922,0.428508090350405,0.000493946482790285
923,0.372489924563905,0.000918816070810676
924,0.766201311129121,0.00490605750278517
925,0.498168139380752,0.000799247241674086
926,0.619366157617452,0.00302488682613112
927,0.502682356753593,0.000340612109229344
928,0.558467677406877,0.00169747698308395
929,0.483257954167023,0.00583053722021073
930,0.63011953608032,0.0010959759849658
931,0.267658944543069,0.00124866252640694
932,0.0260320127436389,7.1417862190223e-05
933,0.190336145084225,0.00154924972233194
934,24.3164018532398,0.000385282108194535
935,0.0342985755909646,0.000191172164605061
936,0.542620578263728,0.000983958634394055
937,27.4399532370674,0.000758181757527112
938,0.719440321431759,0.00169925802946616
939,3.06360394943708,0.000354156383088242
940,1.31125722536644,0.0183266332477331
941,0.267611317848729,0.000264541777674256
942,0.607833929565284,0.00171646095193686
943,0.204683703668137,0.000122894745229951
944,34.5398351681871,0.000182302153327939
945,28.7374127030979,0.000559456415907625
946,0.665901815684323,0.00417683260133641
947,0.00406861082574316,6.28637651891769e-06
948,36.3579657894794,0.000865127892474521
949,3.93021887657535,0.000374438151423039
950,0.63205239881102,0.000810686157210965
951,0.710339883631736,0.00175681596701296
952,0.661618634156342,0.00108530315234166
953,0.316622986987408,0.000925494264289294
954,0.375789812275134,0.00070944017556874
955,0.577694751950333,0.000387183959087792
956,0.603462247601885,0.00324863226327512
957,0.402583458975399,0.000760086627871949
958,0.681706266991175,0.000883292325402208
959,0.167513822448145,0.000793272867700967
960,0.355582291349616,0.000228958035017791
961,0.00414361579381012,4.17200412298293e-06
962,0.480200669038081,0.00317077282607471
963,0.425890766000841,0.0013950481815821
964,0.614827331961473,0.000370541661162785
965,1.24985901746114,0.00106224419786144
966,0.677825808072098,0.000709966734955624
967,0.0369410375446497,9.19517306531432e-05
968,0.474638021955774,0.00156085948146561
969,0.870660219211105,0.0050153456862232
970,28.5747879037888,0.0024554625102934
971,0.0240190337086169,7.12046292486822e-05
972,0.770476624871877,0.00372855023095018
973,0.668266247355475,0.00103124216879272
974,1.47441393505175,0.00133116112884403
975,0.406671187038035,0.00628090305585553
976,0.863392453676939,0.00475108790724016
977,0.822007304440948,0.00211143689400784
978,0.307350904516826,0.000281108061728944
979,0.635821281180095,0.0031985871377662
980,32.2819160146646,0.00461242377838245
981,0.725757318162342,0.0031612505991314
982,0.031486079383206,6.13930307744184e-05
983,0.49007783307437,0.0014028175315175
984,0.272522399256719,0.00034602359749614
985,0.684707590295882,0.0021241474714997
986,0.726941304329002,0.0025340901073883
987,0.686125220818015,0.000403114943904157
988,30.6570800851608,0.000800773484672424
989,0.72162990325042,0.003817943639451
990,0.0441146209238555,1.68534036764056e-05
991,0.446385776834804,0.00101651418676847
992,0.011143903813929,3.37840307426381e-05
993,0.712654798723675,0.00168057942289146
994,23.215129638126,0.000557168172125122
995,0.67731963083735,0.00403780060956079
996,0.550911693529092,0.000503075066878971
997,0.632119741684114,0.00293353550622858
998,25.3945822412601,0.000450850606186555
999,0.503739473166736,0.00157713252177318
1000,0.53108037221101,0.00091891570179444
1001,0.350679268480897,0.000515766439852426
1002,0.625193081710848,0.00111533410237858
1003,0.0173643098331228,7.34953331186652e-05
1004,0.773051232429786,8.96275831283337e-05
1005,31.6276725005099,0.00408684566662249
1006,0.687166327659258,0.000838509896812672
1007,0.355314878732381,0.000926777556359675
1008,2.23826064957126,0.00389276233254818
1009,24.2259046722509,0.000364410478301827
1010,1.22339372506274,0.00313752751847976
1011,0.714335520340163,0.00795811194932065
1012,29.793284943528,0.000661378195355011
1013,0.687258260784048,0.000402737942544268
1014,0.516616303259108,0.00068921602285689
1015,0.212445763106281,0.000463449681990723
1016,1.16227320407995,0.00147078611119643
1017,0.433996431326048,0.000533820986145084
1018,0.284162620995006,0.000324402387944177
1019,0.607093380320367,0.00160445397213583
1020,0.80524436867731,0.00332281371508202
1021,0.649858252421064,0.00320605146761949
1022,33.249848620985,0.00264407014688561
1023,0.228377356773203,0.000128836950170471
1024,0.311280243525603,0.00105715196406748
1025,40.2269669341554,0.000626057216225582
1026,0.0574137238637914,0.000232348455689584
1027,44.1252792777751,0.00255387107543532
1028,0.745052637347694,0.00315450144510671
1029,0.177767189994189,0.000742676149356031
1030,0.0962899268982094,6.75933201740516e-05
1031,21.9665416278586,0.00203199560861994
1032,1.00887007643247,0.00183223480794477
1033,0.787331317794651,0.00199450914820438
1034,0.690930611830216,0.00060461064491336
1035,0.00351190804011665,3.64618753857782e-06
1036,0.0648036607455193,0.000445513507625165
1037,0.365994263463998,0.00213685292847316
1038,0.7112573912921,0.000391940514726939
1039,39.5117878094401,0.00322888466006358
1040,0.1592095987421,0.000808775559223993
1041,0.622925457706758,0.00231449104529699
1042,0.540074236038989,0.000973058561334312
1043,0.199741690320768,0.000516338718009853
1044,0.318021635329269,0.000604616270227399
1045,0.180681131615345,0.000360971435001844
1046,1.08603756122559,0.00266206224794541
1047,34.0557183094025,0.00109914477555151
1048,0.844492927303646,0.0020425309187293
1049,0.669804892338023,0.0018358353704854
1050,30.7028479082134,9.8046572447584e-05
1051,1.50688918444084,0.00555847055202594
1052,0.613683762255564,0.00139829580184496
1053,0.00480780398340607,7.21984283576362e-06
1054,38.6093113518605,0.000297563927257623
1055,0.0216509064867187,3.51714815828795e-05
1056,0.788632595533338,0.00129309836930188
1057,0.355165830304665,0.000813039167817863
1058,0.697734854410374,0.00456670716636099
1059,44.0329984743864,0.00135934008295773
1060,27.0287637172219,5.21632031710518e-05
1061,0.182124249751955,0.0009241205454415
1062,0.852737437114669,0.00155325837532002
1063,0.0829243461495875,0.000231546041076308
1064,0.669275777326378,0.000290597965324087
1065,0.636400583003528,0.00161424053214362
1066,0.0644100962422034,7.92947155000362e-05
1067,0.380744764173969,0.000892947584152322
1068,0.189031144919032,0.000272340304647307
1069,0.130110759604368,0.000196940015145499
1070,0.63414567415801,0.00247129773996613
1071,37.3400271959101,0.00010765990530143
1072,0.482119138078693,0.00125356131128874
1073,0.728958733691949,0.00186271037410452
1074,0.00515333214281629,5.26285521393198e-06
1075,0.43854436324233,0.00133410326022349
1076,36.1213558245267,0.000384518323637751
1077,31.5641020176042,0.00379322882975049
1078,0.587467795125995,0.00234372117701293
1079,34.292202114964,0.0011388875296686
1080,0.611943054767468,0.00505428969943718
1081,0.575933925180359,0.00278554403269429
1082,0.214571715920882,0.000276102133013743
1083,33.0175550865827,0.00108276216650137
1084,0.0934995675626625,0.000131629207861591
1085,0.459813680738174,0.000853633968140811
1086,0.680946819692833,0.000327151177043831
1087,0.00373097021577985,2.80440395761133e-06
1088,0.40827746200091,0.000916330157804506
1089,0.611966366280362,0.00115114768231663
1090,0.444887088888083,0.00106570805078612
1091,28.1816868517357,0.00187619526501205
1092,0.286261652758857,0.000994868190114433
1093,38.5391202412246,0.000289112397549609
1094,0.0591295889439959,4.96913445347877e-05
1095,33.6684791952966,0.000838221573836413
1096,0.777702381322553,0.000705871472368391
1097,0.572732944486417,0.00524170687474715
1098,0.49522369688949,0.00331840769436263
1099,0.656596805286949,0.00139682675073071
1100,0.309578786168353,0.000500758894455903
1101,0.226887449351686,0.00112406083607449
1102,0.704052595403324,0.000706261888653461
1103,0.342918666907644,0.00235110913221069
1104,35.5931014415181,0.00037083940808143
1105,0.513010918096538,0.00201365628104678
1106,0.785323745994236,0.000686517248218025
1107,27.9372259375384,0.000842139306629688
1108,0.3467294961022,0.00124746999650508
1109,1.15846768964951,0.00602790628221631
1110,0.0103345974478184,7.57916162498071e-06
1111,0.318379895303338,0.000838494987935407
1112,30.5563602068421,0.00114357349075085
1113,0.687663543869352,0.000479154642108785
1114,0.437438769515458,0.000933771071372941
1115,0.772480024922423,0.000740506366662107
1116,0.436835070997439,0.00578890787649121
1117,0.491192558947701,0.0018623225821097
1118,0.352853851152677,0.00101824625288663
1119,0.814879263466319,0.00038312675410069
1120,0.587348210407548,0.000836470244918597
1121,0.835691650097984,0.00646695243835078
1122,44.7492214885406,0.00282949371382764
1123,0.608640974332499,0.00128057191440625
1124,0.450636069914402,0.00102233975552779
1125,21.6171565220605,0.000825981157889801
1126,0.500597951990159,0.00368977132002319
1127,0.705506297877448,0.00241673867184756
1128,3.51001313158056,0.00157840027155509
1129,1.05162833944098,0.000604046717924125
1130,0.492604670739667,0.00106726295612271
1131,0.237950102457027,0.000712972563533504
1132,17.7680213651803,0.0009208407910322
1133,0.19009007416757,0.000706602617156717
1134,0.731211460542648,0.00312249738548879
1135,0.257087484643795,0.000528937576054305
1136,0.00100636663106241,4.39927135616427e-06
1137,0.597427372293729,0.00205459978757493
1138,38.4500459750805,0.000820176379500364
1139,32.9682576758562,0.00113130374869899
1140,0.0933427663657305,0.000200716475810507
1141,0.357775907416965,0.000977336153540026
1142,0.704952053420285,0.000926674724470902
1143,0.376601436727696,0.000644639651122666
1144,0.620286539403092,0.000568590365610024
1145,0.312441064309878,0.00147594781712512
1146,34.2075668889232,0.000538510870368184
1147,0.322916112062381,0.000367900788667812
1148,0.605829379872048,0.000710599037060536
1149,0.713698616401453,0.00145838309920816
1150,0.017514710962545,5.0118114874256e-05
1151,0.637379839408173,0.00130266559110835
1152,31.6995542207305,0.00151260189563575
1153,0.804172662208605,0.0032321401424359
1154,0.333821023625189,0.000970654056456746
1155,0.55223120619511,0.00348288345538781
1156,0.544447923968108,0.00172030242968097
1157,0.252796682199224,0.000303901665231984
1158,0.615017506387649,0.00437218918079297
1159,2.96163764508579,0.00055496121372129
1160,0.779087569297188,0.00292182073492929
1161,0.0244802268933897,0.000103962457964481
1162,0.761068169355281,0.0015625493792585
1163,0.677034823004749,0.000601502143067802
1164,0.0350749443716,3.1976116742588e-05
1165,0.620145834001984,0.000405618981627112
1166,0.554927670485662,0.000556930846118732
1167,0.714888462044399,0.000686204297810029
1168,0.0100788396436248,2.34157041425398e-05
1169,0.669262275666192,0.00265093971411285
1170,0.2093288770957,0.000566555067838909
1171,0.120498846669488,0.0005868755867975
1172,0.635493233297054,0.000866387188201737
1173,30.822789101704,0.00353237151978058
1174,0.622736807082897,0.00199029784111597
1175,0.0139610275195709,2.06311626016192e-05
1176,0.479960921097189,0.000426118479242781
1177,0.0876676474451981,0.000546744211758884
1178,0.000407458485205478,2.79086806875893e-06
1179,0.761590807692949,0.000458942663457195
1180,0.720821769444944,0.000698513227351991
1181,0.520216488825205,0.00110564136718494
1182,39.0715558133729,0.000354447150910592
1183,0.614984756889913,0.000798753020916252
1184,0.648788673510333,0.00132677794668509
1185,0.674703807063522,0.00426532645425841
1186,0.212253852742735,0.00076115932536851
1187,0.671347883303323,0.000542304892026219
1188,0.2795910937196,0.000380461558137751
1189,0.483650651661859,0.00164463767059829
1190,26.5510560305452,0.000440270935662266
1191,0.199274728486624,0.00198327488601612
1192,0.222700029804713,0.000344982306939704
1193,0.397266262362806,0.00145843082064609
1194,0.693414628360206,0.00129186360261428
1195,0.185520736096311,0.000739801745441479
1196,39.5904289866136,0.000771797388862992
1197,0.565437054893312,0.000818754505158557
1198,0.0101765254834518,3.51262823818813e-05
1199,32.0526034702562,0.000414363733300216
1200,37.90700052081,0.000259021886299132
1201,0.685688063637036,0.00102354639726785
1202,0.809024304434922,0.00174805224602405
1203,0.0306432463494878,3.35607896506961e-05
1204,35.6747103707226,0.00321785815034256
1205,0.0131542319016688,2.87139478125106e-05
1206,0.285410002955402,0.00267186347941317
1207,0.299712688234188,0.00110835156566189
1208,0.340316215792279,0.00150197865961106
1209,0.0127203335936442,3.61840481441318e-05
1210,0.00209650953855354,6.03363319369124e-06
1211,0.547519793291863,0.000539587264550102
1212,0.742914224700157,0.00247169660849727
1213,0.124443000480964,0.0009229673443013
1214,0.701230080063,0.00110002159824026
1215,0.648331972419516,0.000148436751411989
1216,0.613556837562552,0.000618740110272111
1217,0.446448217817849,0.000485041088455198
1218,0.198861297835658,0.000857753280531856
1219,0.226598922082956,0.000596186874584836
1220,36.6246474876388,0.00099937654395041
1221,0.719831061771628,0.0022801606179772
1222,0.760611194294722,0.00170399846753239
1223,0.499576096560817,0.00158977793783132
1224,0.507310757538418,0.000579308848715898
1225,0.434581083611693,0.00109552512050642
1226,0.66611840881832,0.00146782865999726
1227,26.5679331500508,0.000602334965449538
1228,29.1662236453018,2.23003011695108e-05
1229,0.442491017334755,0.00178561790958178
1230,25.931868857149,0.00137169408794535
1231,1.26684692525703,0.00163040932613248
1232,0.121613918623594,0.000390941493716954
1233,0.680869881588773,0.000316940419151703
1234,46.4480000089901,3.4873072758434e-05
1235,0.319711836621215,0.000352286318727284
1236,0.931365735923924,0.0022121748392079
1237,0.46086022467511,0.00135273436122079
1238,0.124505941817108,0.00010426886582015
1239,0.809306422173233,0.00288225987982604
1240,0.0048755434684856,1.19178583848252e-05
1241,0.126263821501985,0.000155254378071033
1242,0.344397757402193,0.000575038870573944
1243,34.4805733060083,0.000121466120768501
1244,0.0891778083546897,0.000559704995394336
1245,0.454101857460593,0.00273908638498171
1246,27.7352722779174,0.00125614471940573
1247,0.762310257014035,0.00083984480546178
1248,0.352540650960856,0.00199219381483309
1249,0.104630282826333,0.000608013225922996
1250,0.135075196573533,0.000529063947365133
1251,0.000952463782749723,4.45636392509346e-06
1252,0.677419991515307,0.00108859299279913
1253,0.310169093562123,0.000392322229315285
1254,0.551485567220016,0.000381771621692453
1255,30.8166219806296,0.000745665956429513
1256,0.0073123830146722,1.26263854683744e-05
1257,0.217694630868847,0.00050943082314546
1258,0.662823755959062,0.00362900677472972
1259,0.670593669637795,0.00128375948475036
1260,0.0212529084492136,4.20804221183159e-05
1261,0.15393997989696,0.000772009578115449
1262,0.299313010088983,0.000487807487307863
1263,0.0261524882551128,3.4234096581178e-05
1264,0.717261785421959,0.000750161088759176
1265,0.145441638687669,0.00012563333676198
1266,0.18413257898525,0.000765747392507839
1267,0.0745182890209516,4.63361228510584e-05
1268,39.0196097503746,5.91039296916875e-06
1269,0.799044489867301,0.00334979172520649
1270,0.62370168474037,0.000414159104662564
1271,0.636366923616752,0.000815438569544237
1272,0.402115133802631,0.00375618895078472
1273,0.446682921774386,0.00961241475116844
1274,0.337103768656008,0.000783283164890472
1275,31.9835251677277,3.26232861166679e-05
1276,0.536632217267344,0.000861304429847681
1277,32.0054619976233,0.00044998960172875
1278,0.85550490021422,0.00100835336280213
1279,0.578333996451765,0.0014209007491212
1280,1.97772080101495,0.00249324925050563
1281,0.778493569191624,0.00301043204527148
1282,0.318454348469462,0.000612178510742389
1283,0.758430295930289,0.000838403429839955
1284,0.698120805817815,0.00159879345735847
1285,0.405484900290745,0.000818471376538691
1286,0.105790018630094,0.00116186835304871
1287,21.4932519790654,3.3774297927964e-05
1288,0.548847581665675,0.00109992654569508
1289,0.433188572622802,0.000852239190169231
1290,26.3221943047419,0.000978473781370216
1291,0.253198866928743,0.000480101991141012
1292,0.370273903097759,0.00055138004259221
1293,22.6150342741091,0.000702754634448904
1294,0.610454226825209,0.00176156458767506
1295,0.129902226554519,0.000294809387392374
1296,0.686545397059139,0.00231362539278666
1297,0.00339622333450131,2.95104189328262e-06
1298,0.023548207225393,2.47074490329935e-05
1299,0.586431999061546,0.000778982892088477
1300,0.215091846761104,0.00110419798877982
1301,33.8789239986867,0.000160332604682121
1302,0.552255625319148,0.000759666604918159
1303,0.412613231670573,0.00031009097215041
1304,1.34598493247172,0.00168685424082006
1305,1.11328154696348,0.00329569736977968
1306,0.166358331945312,0.000422987613645598
1307,0.061891788743953,0.000140942534303013
1308,35.1910849450835,0.000882267377051109
1309,0.317547460819054,0.00113069236161236
1310,0.670172719989299,0.000808561901551814
1311,0.402449046219804,0.000496820970034495
1312,0.673432092577868,0.000746424165127582
1313,32.4964094751244,0.000480825265090839
1314,0.122059224755386,0.000178644447647409
1315,0.619402460504671,0.00106695351374788
1316,0.0114631107910444,6.50312046101642e-06
1317,0.729726459564952,0.00357802469870557
1318,0.399745311589355,0.000749346759889751
1319,0.545197042767704,0.000482936504897732
1320,0.0741505624353934,0.000319800656288215
1321,0.338947696548294,0.000702213831418276
1322,0.680184242752001,0.000903369782553511
1323,0.277482368095677,0.000553829570549535
1324,28.0650728709576,4.2817048506455e-05
1325,26.7461837144236,0.00012010695920513
1326,4.07132014231834e-05,1.53420826142583e-07
1327,0.533688322185627,0.00137020055015512
1328,0.0574359605131484,0.000105307550457266
1329,0.616692483784509,0.00103286951945915
1330,0.755941799474599,0.00217027962343175
1331,0.646681874180201,0.00529580753664554
1332,0.717887504240234,0.00141897067311785
1333,0.44037766716636,0.00153859875224236
1334,0.63793091235309,0.000674234324180921
1335,33.5319780774406,0.000303932523013644
1336,0.543565295357175,0.00266956553681606
1337,0.225489705299029,0.000387672530139507
1338,0.554384993259051,0.00558763183285707
1339,0.645288761218483,0.000821552873524104
1340,0.697088445965485,0.00281443435945938
1341,0.246903964868736,0.00130597200881087
1342,0.776301936005277,0.00450988056608265
1343,0.330314333334974,0.000489360760428496
1344,0.157136421501653,0.000281356253282231
1345,0.598782318541682,0.00075060254342234
1346,3.746506612612,0.00174045490472415
1347,27.5762818535322,0.00222872110830955
1348,0.606657055711045,0.000798295749713715
1349,0.632112281003154,0.00149271008760575
1350,0.947518222608052,0.00366885815375989
1351,0.806529360884384,0.00769924670346604
1352,29.8492882835564,0.00080425834561158
1353,0.796777137098655,0.00167719389006445
1354,44.1118367912224,0.000779407896623461
1355,0.748871999625137,0.00125987671535904
1356,0.571884724657729,0.000551619426690583
1357,0.620432298303818,0.00368667647732662
1358,0.462369916304348,0.000826475949618472
1359,0.697842800131167,0.000588215298605181
1360,0.14525003582779,0.000115472590617601
1361,0.46949854308592,0.00115447471306786
1362,0.492272508318556,0.000790146023071852
1363,0.358587322133268,0.00148045067739839
1364,0.732026198990328,0.00167869899193307
1365,0.68269658876046,0.00177491230417284
1366,0.375595376303415,0.00127405405649688
1367,0.615635737894771,0.00297440714691211
1368,0.599556492037636,0.00143979398562264
1369,0.768226938102861,0.00450493547614807
1370,0.0162944725551834,7.02798674207696e-06
1371,0.0381485721997946,0.000131277312096247
1372,0.320878848437564,0.00100209550122232
1373,0.194057214658842,0.000480862279236652
1374,31.5457496570658,0.000616139566903371
1375,0.163038210695002,0.000569874342448266
1376,0.551046743737635,0.000363135254343841
1377,0.662171629393388,0.000471429042395605
1378,0.9127460712646,0.00285227393293701
1379,0.534694756718855,0.00113585137287456
1380,28.4513625632814,0.0009840106933777
1381,0.301176227569573,0.000701217742554069
1382,0.663613869456006,0.000725357174550619
1383,0.405731536273493,0.000920610451552964
1384,0.137440690950294,0.000308493389987169
1385,0.684194514294784,0.00283804599437991
1386,0.931230455665823,0.00135769679528103
1387,0.694675308575068,0.00112048043576338
1388,0.963565070489569,0.0017111141436636
1389,0.660488197244801,0.00101803622268249
1390,0.792818322194165,0.000616323882195563
1391,37.6008286443491,0.000272760988868671
1392,0.727803808053453,0.0032624039738757
1393,0.516279546857474,0.000394359344051343
1394,0.669752401932323,0.00177949770146464
1395,23.2169310791168,0.000449636769468783
1396,31.0091121263636,0.000915268980115257
1397,0.688467685431038,0.00156208902482299
1398,0.0498069932282824,0.000194568111927315
1399,0.67390511129323,0.00116979387565655
1400,0.661154275638626,0.000675328667041208
1401,0.365034337073186,0.00158819828257977
1402,0.441692396350729,0.000436623428512956
1403,30.7832244936467,0.00081857314505753
1404,0.527217284861864,0.00184691125973788
1405,0.356770428414509,0.000348768650558686
1406,33.1536875514949,0.00117275869898627
1407,0.632296608596844,0.0021108812228592
1408,0.739748515600683,0.00189281552483642
1409,0.267188889965576,0.000468030844046129
1410,0.465748078170602,0.000502716606262313
1411,0.602636207204908,0.00189213536357374
1412,41.1587818401719,0.00124233755015667
1413,0.361444915367168,0.00111278863732402
1414,28.4545917447697,0.0010404819695506
1415,28.957453442315,0.000321908372620501
1416,0.367327456691258,0.000319535040214451
1417,1.01360913276748,0.0112109479002165
1418,0.0515586146935609,0.000240127964498814
1419,0.063971043178649,0.000139904176831519
1420,0.918516690323457,0.00352970746736532
1421,0.506132993942633,0.000890014795465318
1422,0.538208030841701,0.00117233486132373
1423,0.632528154382108,0.00103071032704444
1424,0.624727360554839,0.00195217640542526
1425,1.05031224522346,0.00103270643461983
1426,0.0959613965900181,0.000567936461620691
1427,27.2852992253592,0.000535041721776748
1428,0.39909079379396,0.00102789665367696
1429,0.627150331854285,0.000794864019243366
1430,37.3535571610332,0.00164014619060537
1431,0.397607834497479,0.000558959391556969
1432,0.578838205342571,0.00328775707244385
1433,0.917351745891496,0.001500063696961
1434,30.3148719583219,0.000939847531454577
1435,0.547054867665863,0.00132731109400194
1436,0.566853384123828,0.00122248168935873
1437,41.7508591895253,0.00329503524377541
1438,0.0975823516666561,0.000396421528332994
1439,0.504779121441357,0.00147853629407136
1440,0.743073175078232,0.00523751060930531
1441,34.1527939892475,0.00033468479407472
1442,0.157712350372048,0.000337656180729673
1443,0.256209382045083,0.000529055079759803
1444,0.353246053176675,0.000827541474813241
1445,0.596150782911427,0.000861576427775439
1446,0.738358997401046,0.00214009002401157
1447,0.40141586381527,0.00454930747598414
1448,0.523241491831851,0.00120475788506848
1449,0.0044125126144597,1.32161415050886e-05
1450,0.773030219993143,0.000873054981160308
1451,0.67009178155127,0.00086937191453269
1452,2.61968436780161,0.0005663051287473
1453,0.200815517621568,0.000760874340407091
1454,0.0377521564909305,0.000125266792714648
1455,0.544441668490457,0.00127926711330548
1456,0.468335383159096,0.000774933152434821
1457,0.619979054334867,0.000720299324696157
1458,0.562884664548728,0.00285544166892305
1459,0.761496243960837,0.00799696837108824
1460,0.749388727083308,0.000593754927277065
1461,0.0407839576423508,6.59234459902258e-05
1462,0.736563108069559,0.00072320203085322
1463,0.57673646240969,0.00129886536583519
1464,0.104350988285207,0.000239898033333056
1465,0.27422071200915,0.00102699972242525
1466,0.630276644607225,0.00195430181432004
1467,1.38983651217593,0.00119810774999359
1468,0.628072945695783,0.000950882953389561
1469,0.345079112363763,0.00198089168448783
1470,0.0100430332945064,6.89798388627659e-06
1471,0.744144284929139,0.00601293768651629
1472,0.651416669606796,0.000655622511519799
1473,0.618435166348464,0.000511251155626671
1474,0.784151652922228,0.00178506797874835
1475,0.40726629438,0.000578038020011731
1476,0.0234744412126488,2.75613902413155e-05
1477,26.1509377049893,0.000188637313949045
1478,0.651763517917807,0.00124789659135722
1479,0.120309238217488,0.000307029854600568
1480,0.654969958153247,0.000911094381132064
1481,0.683506471588187,0.00261762292030753
1482,0.385361086477373,0.000956912069480148
1483,1.36796697161843,0.000671089652314359
1484,0.0109585098129229,1.02266119701947e-05
1485,0.719468918163861,0.00145771480674574
1486,6.44775957091354,0.00124285202655159
1487,31.8514939779825,0.000431729615826152
1488,0.420077150373739,0.000535501018355046
1489,0.0510844597172679,7.38395119343099e-05
1490,0.526393203952985,0.000174638377489528
1491,0.540102743977677,0.00183697365599815
1492,0.637629848141156,0.00493696251043723
1493,0.724722446725926,0.00906565866363497
1494,0.304752917989264,0.000975849809696231
1495,0.299639029445783,0.000687594615782733
1496,0.0514529194117808,5.35442540272401e-05
1497,32.3316761773412,0.000416263135911629
1498,0.201673269121397,0.000741383525505731
1499,0.557915997466364,0.0011152876795143
1500,0.451057580975482,0.000697432698364218
1501,0.00288322901654291,4.38962753141297e-06
1502,0.652917661637189,0.000507700292477647
1503,0.0282198196043296,4.19200138396257e-05
1504,0.328007635092334,0.00130558395804467
1505,0.0333611461565863,4.7321017954382e-05
1506,0.0273144122555432,6.04693915051721e-05
1507,23.6976724398139,0.000691570738594254
1508,0.626071608348521,0.000860892018266379
1509,0.694523579771128,0.00137034840114935
1510,0.330357577135506,0.00064176574718058
1511,0.667364989431625,0.000513274269385989
1512,37.3756390130754,0.00101762415483404
1513,0.904212410986413,0.00135811697656489
1514,1.60338158652984,0.000376199430694849
1515,51.2671759476708,0.00153965430865202
1516,0.147464654911682,0.000422530667808062
1517,0.387491360363083,0.00158979468713767
1518,0.906889788527373,0.00040952245071059
1519,31.8489999550132,0.000322029811248762
1520,0.656154410565064,0.000950806370375288
1521,0.246845559751304,0.000414021804526741
1522,0.739130447444699,0.00104072262763962
1523,35.8184362003545,0.000781217444991478
1524,0.550809998518261,0.000732318627723076
1525,0.0255196863346886,6.41155674898607e-05
1526,0.70756742382859,0.000774620343415401
1527,0.336916991828014,0.000934251073702662
1528,40.4251360061235,0.000884388673630891
1529,0.118208399320918,0.000142689947483955
1530,0.19862716924915,0.000360318463257968
1531,38.2345672610795,0.000596114826689236
1532,0.239985377364593,0.000373529223209399
1533,0.684399131115445,0.000552931734974078
1534,0.633653740514401,0.00262652206922603
1535,0.152563633888917,0.000403534959413471
1536,0.731059848222099,0.00191711822439286
1537,0.24417603691206,0.00068305317457228
1538,23.2909534430238,0.00160409958833922
1539,0.602966037872969,0.00284502211809455
1540,47.8556198013074,0.000229194026564218
1541,38.490708667572,0.000180537321446014
1542,0.461697261119826,0.000772062901899326
1543,0.15591743134054,0.000738641365563071
1544,0.450487267331129,0.0013876406053577
1545,0.0446144805209234,4.4173340272618e-05
1546,0.286291904916271,0.00053292004811175
1547,0.00567163490760875,3.25388338396926e-05
1548,0.24534487551173,0.000995457722297301
1549,30.872629930231,0.00082036494902357
1550,0.702715903880097,0.000601622453913276
1551,0.00642198953006131,1.07675010108223e-05
1552,0.583033720540549,0.000965958718725313
1553,0.223791515667152,0.000459277032682668
1554,48.1967851767978,6.28533413243422e-05
1555,33.8338049763353,0.00171429275163705
1556,0.000928437064140083,3.55783961984181e-06
1557,0.609465863504185,0.000562214110207033
1558,1.37924457340692,0.000254366880553885
1559,0.095731843939328,0.000177046365368748
1560,1.49620191297865,0.00103844504223672
1561,28.8913963985446,0.000818435525830204
1562,0.596622783320685,0.00502667241506255
1563,0.540398874739647,0.00108465650926267
1564,0.0151551310310934,3.6609685064857e-05
1565,30.4087132098168,0.00242984503978435
1566,0.73857511952226,0.00213958433245158
1567,0.670612641579932,0.00210520271909118
1568,0.273305255406771,0.000459911805955753
1569,1.06506470499955,0.000403280489069218
1570,0.33480534076196,0.00139172702209747
1571,38.7006801395225,0.00604049792500039
1572,0.712481670876947,0.000825309165897617
1573,0.881278344438705,0.00135105858188931
1574,37.3980232744706,0.00013190413245452
1575,0.256205084597851,0.00112514468026975
1576,0.000951554837206046,4.388646790333e-06
1577,0.52235108389558,0.00132236031158412
1578,0.78544772256515,0.0020325596420403
1579,0.558017381033988,0.000713333626592153
1580,0.488658477709534,0.000404024129139861
1581,1.14062948237352,0.000687707948629472
1582,41.6469076025489,0.000421092070415535
1583,0.766273718191586,0.00251535090818037
1584,0.684633648359907,0.00122334837609662
1585,0.104976974733191,1.14323541131078e-05
1586,0.0951527294040458,0.000538798721267779
1587,28.1701489000658,0.000449414494341227
1588,0.644991222882358,0.000719191956600515
1589,0.74258098186928,0.00288250504424051
1590,0.10595864692373,0.000395525078368709
1591,0.00979009375872685,1.31668865128589e-05
1592,0.0641545937735951,0.000282252471457695
1593,0.34119734531501,0.000351560582943227
1594,0.0506597712900486,6.99016017273638e-05
1595,0.542387714314912,0.000540494434218567
1596,34.5321276661461,4.37529813640944e-05
1597,0.670578207249106,0.0017685179683604
1598,0.57703386731387,0.000696241105846717
1599,0.864292869144052,0.0046823170576166
1600,0.230949816470116,0.000415992081474592
1601,34.366614149316,0.000395159970327286
1602,0.484750518845302,0.00110831551364138
1603,0.772528102434203,0.00292656137077913
1604,0.751698100402924,0.00496073345846462
1605,0.332120730572624,0.00143552810942444
1606,0.00225045201653172,7.60564986592105e-06
1607,0.740777073634989,0.000604254022749505
1608,0.279798493619946,0.000996954314739053
1609,39.7459457162432,0.00135166077246404
1610,0.599842384401434,0.00251733006573461
1611,0.251982214994708,0.000611342942915016
1612,0.559134239220523,0.0021695301742428
1613,0.511983992788864,0.0011022091054927
1614,0.0188946315973315,0.000126404094603844
1615,39.0560717833414,0.000656673950422691
1616,0.105114793773327,0.000241377417355477
1617,0.335798013570843,0.000458052841590021
1618,0.0520005878724433,0.000227387682646066
1619,0.293252852169302,0.000313519908457139
1620,0.399969033119952,0.000809268076132291
1621,0.628741992150011,0.000957922209909719
1622,0.440539167738909,0.00721328903898572
1623,0.496710809140116,0.0021585965525436
1624,0.158268190548674,0.000159825898242925
1625,0.121711153999036,0.000817908229325275
1626,0.650340576719735,0.000893703086018942
1627,0.214707786790628,0.000502190230932814
1628,0.708973230151302,0.00050525801576762
1629,30.9139705329932,0.000453225857887463
1630,0.317273392551424,0.00093536792010598
1631,0.751090187930574,0.0009202294283938
1632,30.4878912007238,0.00112947148133607
1633,0.39004646717243,0.00166030842822878
1634,0.735880021183444,0.00106960243237775
1635,0.0414468547256175,5.5917812400309e-05
1636,0.173164799350141,7.92466429088327e-05
1637,7.52534270675647,0.000680312523460151
1638,0.172345459222689,0.00118325043964983
1639,0.357626173441017,0.00261382108558067
1640,0.0104293857154798,3.40853470881076e-05
1641,2.36370203691505,0.000836681532906355
1642,0.342599018739777,0.000514953265707953
1643,0.0556918722174615,3.52296037209557e-05
1644,0.397060303417373,0.000723923294725875
1645,0.25903397242469,0.000675485454960175
1646,0.753759080522913,0.000966729891748327
1647,0.734727332167998,0.00204270497117455
1648,0.16099203170575,0.000452761753258415
1649,0.627037666216716,0.000271699698282871
1650,39.5913232204379,0.000436314086096812
1651,29.9089833916701,0.0044046276148784
1652,31.2392478649311,0.00105798250876811
1653,0.593319467971098,0.00240484387221932
1654,0.330786676025996,0.000695713999932268
1655,0.366861976390922,0.000730335196831284
1656,0.0215827772748436,1.88895348418575e-05
1657,0.0321230260303722,6.87111416855757e-05
1658,31.1126376810533,0.000644113825264874
1659,44.7516820988122,0.00278136668631161
1660,0.295218607381801,0.000601583346878129
1661,0.739214114849885,0.000755733864039176
1662,0.77676402220941,0.000723358185827297
1663,32.8233645779043,0.00302501573993712
1664,0.647891520634137,0.00436707370723997
1665,44.5433041371189,0.00115209336890967
1666,0.49980872631981,0.00130883090571444
1667,0.692754883351293,0.00179538756541974
1668,15.4372812907634,3.7728283075068e-06
1669,0.0781280995284896,0.000146519212330752
1670,34.8424948736951,0.00072615001372099
1671,33.6588712207046,0.000658211942361208
1672,0.223167406313919,0.00017736067287706
1673,0.83083865035186,0.00371239552535157
1674,0.112611732659392,0.000648918484846895
1675,10.1640211078793,0.000855230462395615
1676,0.673421936285572,0.00318592430858013
1677,0.0466676356254621,0.000121492074102932
1678,36.1133959824996,0.000302697586400683
1679,0.208739383206252,0.000292541578982455
1680,0.395697227155587,0.00393174783573432
1681,0.763302687509456,0.00339584900274077
1682,0.5110724147423,0.00414219204698672
1683,0.212187388663183,0.00060676366482332
1684,0.000281103092744558,1.75439906206558e-06
1685,0.392986629090285,0.00151039708598115
1686,0.243678949664531,0.000505144836790761
1687,0.262690982848032,0.000430601672932867
1688,0.511818461033865,0.000616817691299034
1689,0.459938656409542,0.000584263283532594
1690,0.394434909964681,0.00315556471057097
1691,43.013699447871,0.000367647273506421
1692,0.16568761782732,0.000309359656165622
1693,29.1104057377055,0.0017616077341392
1694,0.349599979008644,0.000673456264100724
1695,0.541584587124597,0.000878807414427238
1696,31.0004467465229,0.000439173806113302
1697,0.700477500047094,0.00422802599855669
1698,0.354984578128905,0.000275891595280685
1699,0.2343264541852,0.000145011334242242
1700,0.549645155562163,0.00075572643377475
1701,0.497522329430998,0.00115908449762038
1702,0.64733531957085,0.00456379669623607
1703,0.421268844742893,0.000597712770457678
1704,0.560161018239646,0.000799070169091748
1705,0.0542204913385202,0.000208649265714415
1706,0.659564465603665,0.00101432313378479
1707,0.0132468811216659,1.00354075565594e-05
1708,0.830951753427525,0.00209853292985781
1709,0.648830211973451,0.000488247938555208
1710,0.57418688086963,0.000592222588659885
1711,0.00238021954703806,5.64932900296277e-06
1712,0.633526471323845,0.00056968132986709
1713,24.440383590649,8.17183927512276e-06
1714,0.759806625731487,0.0005274785452731
1715,0.37092498097757,2.863361835602e-05
1716,0.287281091297498,0.000392084201439916
1717,0.0481061109155637,4.26690628680588e-05
1718,0.0322932203178186,2.86310455171871e-05
1719,0.187739185371302,0.00105671338557752
1720,30.0614253429334,0.00100790946477168
1721,0.345697916363392,0.000565949812090449
1722,0.718129919346996,0.00096924347390496
1723,39.6452058874535,0.00055597391217062
1724,37.4311063131699,0.00231922217803391
1725,32.7895384400203,0.000193097113366289
1726,1.16209141608722,0.00097720193334402
1727,0.206639308935069,0.000562136498590747
1728,35.9581108347407,5.20322328349036e-05
1729,29.3211688338643,0.000934983543654865
1730,0.139017231161473,0.000208611288784412
1731,32.0473382134174,0.00034884096520314
1732,0.795666142676071,0.00179389778510879
1733,0.673630943284087,0.00102470142500022
1734,0.645863254997028,0.00209956455051552
1735,27.3032886204727,0.00103208879275214
1736,0.62098481291723,0.000656250084793625
1737,0.0479049422424013,0.000126233194342218
1738,0.617024421480224,0.00181900262720152
1739,0.277570345638802,0.00063350782757053
1740,0.0554317645713369,1.81472513621435e-05
1741,0.504504461960506,0.00222614195477824
1742,0.611154317155052,0.00258675986834323
1743,33.5507668181081,0.00109164021924389
1744,28.199958234587,0.00106881936820152
1745,0.656467418062372,0.00213843050371827
1746,0.60675794285294,0.000446550801870073
1747,0.207760697270862,0.00102257977650591
1748,39.2616927212451,2.75859121432495e-05
1749,40.5583871152369,0.0028533789529447
1750,0.554443190365017,0.000758918008190487
1751,0.185926705275897,0.000235602107154374
1752,0.476746735694799,0.00100955139085525
1753,0.829502451028769,0.00059886311032068
1754,0.0712113643780851,0.000169189556488478
1755,0.75945638577678,0.000827646428376281
1756,0.245217864712945,0.000809621030074091
1757,36.4073655369005,0.00523460757040846
1758,5.09649206784027,0.000247819459575045
1759,37.6433192645336,0.000229712150154704
1760,0.716409912015592,0.000628915943040063
1761,0.147627889472353,0.000764926730800675
1762,23.2159713145335,0.000174639219276015
1763,0.0889793508129035,0.000211824727146476
1764,0.674159060929245,0.00428628213541219
1765,26.1008348914586,0.000515033696229183
1766,1.96448442540634,0.000585149431163114
1767,1.15227011676892,0.000963629092233402
1768,0.40984033263307,0.00398570718179527
1769,0.500626203379653,0.00059321296536521
1770,0.603560409341252,0.00332702922855393
1771,0.000969459097571723,1.58814465006897e-06
1772,0.0274536613533688,2.47931485358076e-05
1773,0.331987814366619,0.000832865210336196
1774,0.540642932415268,0.00685360689524518
1775,43.1115202975603,0.000401589761539688
1776,0.657787532354237,0.00251328970923519
1777,0.650086413511203,0.0011066714412511
1778,0.190937746426262,0.000983872016966136
1779,0.138847316331811,1.01937053236105e-05
1780,0.568853793703795,0.000945767928889719
1781,0.525763649772384,0.00044747916314185
1782,0.608914792024839,6.08990913505078e-05
1783,33.4055763869835,0.00226573464198357
1784,0.718666756979229,0.00148133794755973
1785,0.18258511371851,0.000822617891339898
1786,0.627785575330866,0.00125977912490322
1787,0.000702987709780876,2.90221980151594e-06
1788,0.536002558270646,0.000732129432985249
1789,1.21122859330772,0.00122564706063661
1790,49.7727190605836,0.000887887179657153
1791,41.8167652623525,0.00019779367644909
1792,0.0303895182595011,0.000111269068668413
1793,0.588238795997799,0.00179421443175982
1794,0.398165775976406,0.000454064375872041
1795,0.0723985602216911,0.000102356621295663
1796,0.0662684705526952,0.000146761484810008
1797,0.734866748499367,0.00078409226003091
1798,0.660164461989914,0.000504786214976116
1799,0.0289951478257226,2.61144367241373e-05
1800,0.140567811193739,0.000346634129350755
1801,29.6281143655002,0.00102242427909715
1802,0.651900457551121,0.00153794171656869
1803,0.167568060155301,0.000581514058177816
1804,0.61122332589664,0.00125391827146698
1805,0.733148510913092,0.00117331471309096
1806,0.388399247920325,0.000720423511746404
1807,0.498530705406077,0.00080822484100173
1808,0.634382895449727,0.000873081828137738
1809,0.402331775298134,0.000289688670539168
1810,0.21339745622015,0.000945949454590853
1811,0.652068367293652,0.000848409645343315
1812,0.496957598835386,0.00115535809538017
1813,0.736310810961671,0.00145475760832884
1814,36.6414626063235,0.00284198083676873
1815,0.543437763450209,0.000424324168342857
1816,0.611302908759433,0.000877472990046434
1817,0.393740459389844,0.00204312321786037
1818,37.7278078820048,0.0010053698956573
1819,0.141198801594403,0.000648584013539905
1820,0.385503625914239,8.2652235670161e-05
1821,1.73909538144796,0.00167063708101437
1822,0.619842834133099,0.00249944125340687
1823,0.0562024802483044,0.000128335653171229
1824,0.0555049034934338,0.000246375373886738
1825,0.666611203054216,0.000156307886586362
1826,37.288984025853,0.00214682699843205
1827,0.1866598791673,0.000950200971154148
1828,0.401871928397155,0.000698528292428954
1829,0.207111040883654,0.000393256652475664
1830,0.48044304856284,0.000769818394749689
1831,0.664866945799178,0.000569353876925247
1832,39.2381978396349,0.00378117446702667
1833,0.166145138789287,0.00100015252126327
1834,0.633931322321091,0.00209555081999685
1835,29.4615561240039,0.000360742503462306
1836,32.9500079336783,0.0010198112844262
1837,0.67347451947936,0.00112751017928807
1838,0.520339718135641,0.00769592384250779
1839,28.4459875809016,0.000651935638217634
1840,32.3624118954298,0.000495419953910329
1841,0.595045697222656,0.00530385436339404
1842,0.0858272046938062,0.00010452418866441
1843,0.377678825270479,0.000211872174040523
1844,0.526348266095826,0.00130922299596228
1845,0.757173295255553,0.00521491903986516
1846,0.0732212793969974,0.000242024568075283
1847,0.371430742630034,0.00231523596006789
1848,0.00127968578722097,2.06356540699631e-06
1849,0.815720076848491,0.00119456346260423
1850,0.51923213515362,0.00251415187944656
1851,0.13629181868099,0.000244348094233634
1852,0.708499127813216,0.00165628380230565
1853,0.743564457454439,0.00185675029703597
1854,0.511293804573669,0.00150371993661242
1855,29.6129260151531,0.000991242823929971
1856,2.62900896361576,0.00296498955945097
1857,0.699455256267849,0.0034858219895639
1858,0.0735853511329798,0.000144387181574215
1859,0.491772048093772,0.00153993719135852
1860,0.183375737269949,0.000471528414127786
1861,0.477247424494741,0.00261280087562906
1862,0.112700552069823,4.1587979164076e-05
1863,0.215729656705389,0.000212189777919312
1864,0.760082858097057,0.00119679696969038
1865,34.5144435542522,0.000207742211545564
1866,0.0018408946236795,1.8274196289368e-06
1867,0.457940629903808,0.000660240937406578
1868,0.12133677563637,0.000254360811880226
1869,0.765939047204401,0.000920728750067804
1870,29.0938861169359,0.000120344494441761
1871,0.654837517566168,0.00101798999615469
1872,0.0014755192977992,3.58313044452705e-06
1873,28.5011555490265,0.000654197764611225
1874,0.430017115974006,0.00128325398872408
1875,0.52188961165316,0.000325764065998138
1876,0.780283833843644,0.00138001951630919
1877,0.00873684331079525,1.44135032872381e-05
1878,0.0488465901648471,4.701886429518e-05
1879,0.795791636474244,0.0017902340303137
1880,33.6671780243982,0.000781576653027439
1881,0.642430169061833,0.000573906142241038
1882,0.807347863842098,0.001922356319422
1883,0.0873848891971349,0.000195770901213007
1884,0.0533991755250263,0.000114167401331474
1885,0.672033044689289,0.00618722842303896
1886,0.259041510580723,0.00132966448802372
1887,0.29982565489954,0.00078811433413177
1888,0.562039673341636,0.000468024503582985
1889,0.271082083613936,0.000746427782423247
1890,0.281348047597408,0.00041673615563003
1891,0.294218514840562,0.000767885896504885
1892,0.624991823764607,0.000968870836903357
1893,0.00908618280907911,7.73081986231403e-06
1894,0.563131588809307,0.00621205576765303
1895,0.898589454986647,0.00411301251153587
1896,34.1145394161491,0.000170691285759322
1897,4.24059186372127,0.00173236261779735
1898,2.57957925112253,0.000870799157619752
1899,0.188215576351506,0.000548713834413861
1900,0.706918671413675,0.00170301658203443
1901,0.80417506161824,0.000727424932949584
1902,26.5042359831518,0.000598264400117395
1903,0.0485631641160056,7.64255171668556e-05
1904,0.744203720338431,0.000763832540457858
1905,0.641212205856119,0.00264914167575094
1906,0.709120883611195,0.00242224043795839
1907,0.299960719071698,0.00119512130325829
1908,0.0873523957024196,5.36120409788122e-05
1909,0.0373973872930488,0.000163554505618656
1910,35.154656476162,0.00151296520587502
1911,0.0967670475030853,7.28427097171321e-05
1912,0.0823278266146213,8.96618014340911e-05
1913,27.471737199454,0.000342307333254273
1914,0.611270055680895,0.000554980559840697
1915,0.0754539891045325,1.28570168970023e-05
1916,30.2442930359055,0.000234465041174048
1917,0.651850474982065,0.00102144213495618
1918,36.9954564913523,0.00438852306110844
1919,34.9246936883086,0.000153764317664238
1920,0.502798763597689,0.000760652288585544
1921,0.45368114535791,0.00119274702582274
1922,0.625313209599235,0.00627563790120396
1923,29.1852678764571,0.00246619588257274
1924,0.897893923936846,0.00282716260496585
1925,0.389406385397518,0.00128717161402237
1926,0.492828743092421,0.00351497833379753
1927,0.13841787965077,0.00012129933692146
1928,0.00114666010319871,4.82368148434157e-06
1929,0.416765134161761,0.000527274177014673
1930,0.393026580284423,0.00161262706737108
1931,0.0101850794012349,7.66150756649866e-06
1932,0.168331444491632,0.000420529940227757
1933,0.427409003517942,0.000965929297477753
1934,0.482414400203835,0.000604993229962092
1935,0.458061026607397,0.00140061336861358
1936,0.0426308524735729,0.000194751747651945
1937,0.455940707000694,0.000160039793979321
1938,0.567416729791633,0.00154988860127914
1939,0.126993634847769,0.000392200840355452
1940,0.492013831741903,0.000588196927752053
1941,0.217353956345663,0.000167940519931112
1942,0.127220582688664,0.00109674222445487
1943,0.339228745705745,0.000423155890900359
1944,0.702711214578927,0.00188933244542043
1945,0.392836630227008,0.000103099654288027
1946,0.247201501291756,0.000451400881040985
1947,0.00425397700248426,5.40010488419369e-06
1948,0.753219857712371,0.0020675364063858
1949,0.600694142816696,0.00266295992738451
1950,0.102122497138021,0.000225355966141565
1951,1.16351911088486,0.00864401970385583
1952,0.332440761139027,0.000546894181706728
1953,35.062868983722,0.000271776165546346
1954,32.7455140396601,0.00303887250045707
1955,50.3102702500423,0.00152032006461837
1956,25.238424692964,0.000921859804195518
1957,0.531220967705341,0.00681735365651779
1958,0.104295310773638,0.00034487560769454
1959,0.797377135536747,0.00145605116994704
1960,0.357759803267772,0.000135993591391275
1961,0.713645609213011,0.00278522456695462
1962,0.705756421015889,0.00415569530877777
1963,0.717387103474312,0.00123681230607984
1964,24.1753140538118,0.00144483517629529
1965,0.422881800681235,0.00123082788128503
1966,1.04508737192995,0.000883909527881204
1967,0.648180962190638,0.00103438984289556
1968,0.448693890053042,0.00090517550091457
1969,0.401972170546526,0.0011563171787937
1970,21.9983609028305,1.02575666660913e-05
1971,0.0149114256320448,5.7439793628048e-05
1972,39.6849824148765,0.00203205132307594
1973,0.703922808354921,0.00409133807679496
1974,0.74274308426941,0.00355795384214527
1975,0.350168513550609,0.000857608211432503
1976,0.301523361968626,0.000294401529424503
1977,0.0699322412501323,0.000150811041890044
1978,1.02500931754283,0.00232652482010319
1979,0.753622026271738,0.00134679493236444
1980,0.00566276184592662,8.91281848960495e-06
1981,0.69056272666429,0.00141020847857624
1982,36.4390688033613,0.00157810389864325
1983,0.108161688609622,0.000190471011945996
1984,33.2571739294378,0.000813951776197218
1985,0.37659154855101,0.00149326739143869
1986,0.605983729847373,0.000442392709691364
1987,31.2598941893593,0.000592571141256743
1988,0.70975278741359,0.0044856199398975
1989,0.611233475985972,0.00737175577297726
1990,36.203510132604,0.00344052622209221
1991,0.392898553450432,0.000849087805915454
1992,0.643559217214354,0.00470691816648017
1993,0.446348106792766,0.000538487528145574
1994,0.740953798221415,0.00171002847684214
1995,36.2987861895266,0.00170909657025707
1996,0.654253837265958,0.00210305765233864
1997,0.739096203029722,0.00101034934122426
1998,0.76450970854213,0.000291712835637548
1999,0.666324670814309,0.000664846395537176
2000,33.7534370795281,0.00657440852203781
