"dgp_id","n","basis","estimator","n_valid","mean_time","sd_time","p","var_coef1","var_coef2","mean_coef1","mean_coef2","bias_coef1","bias_coef2","mse_coef1","mse_coef2","cov_coef1","cov_coef2","var_coef1_ols","var_coef2_ols","g2_emp_coef1","g2_emp_coef2","gamma3_dgp","gamma4_dgp","g2_theoretical"
"Beta25",100,"pos","ols_fp",1000,7.70000000000266e-05,0.000288364620149962,6,1965.11722069512,182.900933688845,1.66873525022331,0.213754837341243,0.668735250223313,-1.78624516265876,1965.56442753001,186.091605469967,0.946,0.939,1965.11722069512,182.900933688845,1,1,0.596284793999944,-0.12,0.810874704491726
"Beta25",100,"pos","mle_fp",1000,5.199999999995e-05,0.000235268679069817,6,1965.11722069512,182.900933688845,1.66873525022331,0.213754837341243,0.668735250223313,-1.78624516265876,1965.56442753001,186.091605469967,0.933,0.931,1965.11722069512,182.900933688845,1,1,0.596284793999944,-0.12,0.810874704491726
"Beta25",100,"pos","pmm_fp",673,0.00586599999999989,0.00237943390446253,6,1741.86819808589,162.274463114127,-0.0923366620151331,-0.362529715771072,-1.09233666201513,-2.36252971577107,1743.06139746907,167.856009772028,0.926,0.923,1965.11722069512,182.900933688845,0.886394042931309,0.887225996288195,0.596284793999944,-0.12,0.810874704491726
"Beta25",100,"pos","huber_fp",1000,0.000522000000000048,0.000752384264908616,6,2020.52062091995,188.094722600694,0.9707927433616,-0.0155731505369269,-0.0292072566384001,-2.01557315053693,2020.52147398379,192.157257725859,0.942,0.942,1965.11722069512,182.900933688845,1.0281934327588,1.0283967326306,0.596284793999944,-0.12,0.810874704491726
"Beta25",100,"pos","gmm_fp",949,0.00124025289778705,0.000887811476990548,6,1593.04267765249,147.483979414747,0.100576579846305,-0.302137245927354,-0.899423420153695,-2.30213724592735,1593.85164014121,152.783815313833,0.447761194029851,0.452025586353945,1965.11722069512,182.900933688845,0.810660382432037,0.806359904458714,0.596284793999944,-0.12,0.810874704491726
"Beta25",1000,"pos","ols_fp",1000,0.000131000000000285,0.000360512092681292,6,149.567427174604,13.6908563379565,1.24039589506241,0.0700278679763018,0.240395895062414,-1.9299721320237,149.625217360967,17.4156487683446,0.948,0.908,149.567427174604,13.6908563379565,1,1,0.596284793999944,-0.12,0.810874704491726
"Beta25",1000,"pos","mle_fp",1000,0.000130000000000052,0.000339433668358528,6,149.567427174604,13.6908563379565,1.24039589506241,0.0700278679763018,0.240395895062414,-1.9299721320237,149.625217360967,17.4156487683446,0.948,0.905,149.567427174604,13.6908563379565,1,1,0.596284793999944,-0.12,0.810874704491726
"Beta25",1000,"pos","pmm_fp",1000,0.00769300000000001,0.00165271972290615,6,118.323839986504,10.8407166236184,1.11571490861057,0.0289588712272971,0.115714908610569,-1.9710411287727,118.337229926579,14.725719754932,0.948,0.907,149.567427174604,13.6908563379565,0.79110700920444,0.791821662284453,0.596284793999944,-0.12,0.810874704491726
"Beta25",1000,"pos","huber_fp",1000,0.00108099999999993,0.00100171974246388,6,152.547786689527,13.9640257433807,1.1901112795625,0.055122389375873,0.190111279562505,-1.94487761062413,152.583928988144,17.7465746636877,0.944,0.905,149.567427174604,13.6908563379565,1.0199265279294,1.01995268949444,0.596284793999944,-0.12,0.810874704491726
"Beta25",1000,"pos","gmm_fp",1000,0.00286299999999977,0.00120568846916825,6,118.323841580827,10.8407167682711,1.11571494183389,0.0289588811756455,0.115714941833894,-1.97104111882435,118.337231528591,14.7257198603674,0.451,0.446,149.567427174604,13.6908563379565,0.791107019864,0.791821672850094,0.596284793999944,-0.12,0.810874704491726
"Beta25",200,"pos","ols_fp",1000,7.20000000000169e-05,0.000258617251711702,6,787.041355184046,72.7169932960448,1.53861599789535,0.16130587599813,0.538615997895345,-1.83869412400187,787.331462377235,76.0977893776838,0.944,0.947,787.041355184046,72.7169932960448,1,1,0.596284793999944,-0.12,0.810874704491726
"Beta25",200,"pos","mle_fp",1000,6.49999999999125e-05,0.000246649216166751,6,787.041355184046,72.7169932960448,1.53861599789535,0.16130587599813,0.538615997895345,-1.83869412400187,787.331462377235,76.0977893776838,0.943,0.943,787.041355184046,72.7169932960448,1,1,0.596284793999944,-0.12,0.810874704491726
"Beta25",200,"pos","pmm_fp",994,0.00548900000000005,0.00242440853751096,6,662.46400767428,61.2073547925443,0.617413672166425,-0.134875514612045,-0.382586327833575,-2.13487551461205,662.610379972525,65.7650482554343,0.947,0.934,787.041355184046,72.7169932960448,0.841714356317865,0.8417200989507,0.596284793999944,-0.12,0.810874704491726
"Beta25",200,"pos","huber_fp",1000,0.000547999999999718,0.000641956469013103,6,807.391894049067,74.5502052471225,1.40319682270406,0.114264925734358,0.403196822704063,-1.88573507426564,807.554461726905,78.1062020174382,0.945,0.941,787.041355184046,72.7169932960448,1.02585701339704,1.02521022759583,0.596284793999944,-0.12,0.810874704491726
"Beta25",200,"pos","gmm_fp",990,0.00130101010101026,0.000895048162528079,6,656.229105674432,60.5086553159338,0.565139773396703,-0.154174170458052,-0.434860226603297,-2.15417417045805,656.418209091113,65.1491216726024,0.478787878787879,0.486868686868687,787.041355184046,72.7169932960448,0.833792406653111,0.832111623064384,0.596284793999944,-0.12,0.810874704491726
"Beta25",50,"pos","ols_fp",1000,7.60000000000645e-05,0.000290358930133755,6,5794.37211010837,552.470914758832,0.916757253873157,-0.0716959502846047,-0.0832427461268429,-2.0716959502846,5794.37903946315,556.762838869258,0.942,0.941,5794.37211010837,552.470914758832,1,1,0.596284793999944,-0.12,0.810874704491726
"Beta25",50,"pos","mle_fp",1000,6.00000000000308e-05,0.000261664801737886,6,5794.37211010837,552.470914758832,0.916757253873157,-0.0716959502846047,-0.0832427461268429,-2.0716959502846,5794.37903946315,556.762838869258,0.922,0.924,5794.37211010837,552.470914758832,1,1,0.596284793999944,-0.12,0.810874704491726
"Beta25",50,"pos","pmm_fp",74,0.00521799999999953,0.00115577325276713,6,5992.43975968413,572.983638124014,-1.85518109463283,-1.02282508387401,-2.85518109463283,-3.02282508387401,6000.59181876728,582.121109611712,0.906,0.905,5794.37211010837,552.470914758832,1.03418276317295,1.03712905569723,0.596284793999944,-0.12,0.810874704491726
"Beta25",50,"pos","huber_fp",1000,0.000533999999999963,0.00113584071688527,6,6090.1214329319,581.845103375874,1.05903917621205,-0.0427883328134177,0.0590391762120457,-2.04278833281342,6090.12491855623,586.018087548553,0.939,0.938,5794.37211010837,552.470914758832,1.05104078875217,1.05316875120904,0.596284793999944,-0.12,0.810874704491726
"Beta25",50,"pos","gmm_fp",759,0.00119499341238503,0.000773182586858426,6,4026.61196876139,375.022545593635,1.2431858376077,0.0111447486955098,0.243185837607702,-1.98885525130449,4026.671108113,378.978090804277,0.462222222222222,0.465185185185185,5794.37211010837,552.470914758832,0.694917739531589,0.678809572730797,0.596284793999944,-0.12,0.810874704491726
"Beta25",500,"pos","ols_fp",1000,0.000100000000000051,0.000309993703316908,6,299.744925064386,27.62736297687,2.33902048915499,0.399957783894849,1.33902048915499,-1.60004221610515,301.537900934763,30.1874980701887,0.954,0.934,299.744925064386,27.62736297687,1,1,0.596284793999944,-0.12,0.810874704491726
"Beta25",500,"pos","mle_fp",1000,0.000108999999999895,0.000324382835896104,6,299.744925064386,27.62736297687,2.33902048915499,0.399957783894849,1.33902048915499,-1.60004221610515,301.537900934763,30.1874980701887,0.953,0.932,299.744925064386,27.62736297687,1,1,0.596284793999944,-0.12,0.810874704491726
"Beta25",500,"pos","pmm_fp",1000,0.00588200000000049,0.0020494575565927,6,250.893421807592,23.1459137813324,1.98929333980515,0.288346633800507,0.989293339805152,-1.71165336619949,251.872123119775,26.0756710273545,0.949,0.928,299.744925064386,27.62736297687,0.83702308472345,0.837789469835051,0.596284793999944,-0.12,0.810874704491726
"Beta25",500,"pos","huber_fp",1000,0.000730999999999966,0.00057529989568024,6,308.830500096957,28.4707452495523,2.275441870483,0.377942322278535,1.275441870483,-1.62205767772147,310.457252061938,31.1018163594075,0.948,0.936,299.744925064386,27.62736297687,1.03031102204856,1.03052706381671,0.596284793999944,-0.12,0.810874704491726
"Beta25",500,"pos","gmm_fp",1000,0.00173800000000003,0.000878708215580239,6,250.893418786382,23.145913501402,1.98929344050196,0.288346664105904,0.989293440501958,-1.7116533358941,251.872120297802,26.0756706436794,0.484,0.458,299.744925064386,27.62736297687,0.837023074644178,0.83778945970269,0.596284793999944,-0.12,0.810874704491726
"Exp1",100,"pos","ols_fp",1000,6.00000000000448e-05,0.000237605674293654,6,74085.939425135,6868.76946085939,-8.47640262994397,-2.83149702388101,-9.47640262994397,-4.83149702388101,74175.7416319398,6892.11282435116,0.945,0.945,74085.939425135,6868.76946085939,1,1,2,6,0.5
"Exp1",100,"pos","mle_fp",1000,7.60000000000216e-05,0.000307112875533344,6,74085.939425135,6868.76946085939,-8.47640262994397,-2.83149702388101,-9.47640262994397,-4.83149702388101,74175.7416319398,6892.11282435116,0.932,0.934,74085.939425135,6868.76946085939,1,1,2,6,0.5
"Exp1",100,"pos","pmm_fp",953,0.00147700000000026,0.00135768711944763,6,907636.080777724,81978.69236655,-23.7044073493982,-8.04794613195902,-24.7044073493982,-10.047946131959,908246.388520209,82079.6535880208,0.904,0.903,74085.939425135,6868.76946085939,12.2511246779141,11.9349896416953,2,6,0.5
"Exp1",100,"pos","huber_fp",1000,0.000580999999999918,0.000670737570804645,6,50949.9238949747,4759.98329325233,-11.3684754882198,-3.88112913512641,-12.3684754882198,-5.88112913512641,51102.9030808774,4794.57097315636,0.939,0.934,74085.939425135,6868.76946085939,0.687713813043572,0.692989234880621,2,6,0.5
"Exp1",100,"pos","gmm_fp",952,0.000362394957982909,0.00141420379946821,6,38555.6641025599,3597.01127975832,-13.6545233667808,-4.65886108933066,-14.6545233667808,-6.65886108933066,38770.4191576674,3641.35171076533,0.928571428571429,0.92436974789916,74085.939425135,6868.76946085939,0.520418103647332,0.523676227635144,2,6,0.5
"Exp1",1000,"pos","ols_fp",1000,0.000128999999999906,0.000338339287510778,6,5334.24540187232,488.966016192096,2.01189553339564,0.36566767101075,1.01189553339564,-1.63433232898925,5335.26933444283,491.637058353676,0.966,0.964,5334.24540187232,488.966016192096,1,1,2,6,0.5
"Exp1",1000,"pos","mle_fp",1000,0.000132000000000005,0.00034741430122651,6,5334.24540187232,488.966016192096,2.01189553339564,0.36566767101075,1.01189553339564,-1.63433232898925,5335.26933444283,491.637058353676,0.965,0.962,5334.24540187232,488.966016192096,1,1,2,6,0.5
"Exp1",1000,"pos","pmm_fp",1000,0.00384799999999994,0.00139815980876675,6,2614.18750488786,240.522784393978,-0.262337925774969,-0.347652529799835,-1.26233792577497,-2.34765252979983,2615.78100192671,246.034256794653,0.954,0.951,5334.24540187232,488.966016192096,0.490076347812998,0.491900820157377,2,6,0.5
"Exp1",1000,"pos","huber_fp",1000,0.00119800000000008,0.000998896287806774,6,3121.90845099802,286.875678233297,0.192195795508619,-0.161745447262453,-0.807804204491381,-2.16174544726245,3122.56099863082,291.548821612057,0.955,0.954,5334.24540187232,488.966016192096,0.585257747966045,0.586698602220639,2,6,0.5
"Exp1",1000,"pos","gmm_fp",1000,0.000776999999999873,0.000584476357616408,6,2614.187504834,240.522784388954,-0.262337927486003,-0.347652530317344,-1.262337927486,-2.34765253031734,2615.78100187717,246.034256792059,0.962,0.956,5334.24540187232,488.966016192096,0.4900763478029,0.491900820147103,2,6,0.5
"Exp1",200,"pos","ols_fp",1000,6.7999999999941e-05,0.000274684275944842,6,32903.5349882196,3034.95025391168,1.06938084304358,-0.0558129921947353,0.0693808430435816,-2.05581299219474,32903.539801921,3039.17662097056,0.937,0.94,32903.5349882196,3034.95025391168,1,1,2,6,0.5
"Exp1",200,"pos","mle_fp",1000,7.20000000000028e-05,0.0002808823506291,6,32903.5349882196,3034.95025391168,1.06938084304358,-0.0558129921947353,0.0693808430435816,-2.05581299219474,32903.539801921,3039.17662097056,0.935,0.935,32903.5349882196,3034.95025391168,1,1,2,6,0.5
"Exp1",200,"pos","pmm_fp",979,0.00168299999999989,0.00152539759991891,6,114784.552068145,11209.1027319853,-17.1147255393362,-5.70727829030719,-18.1147255393362,-7.70727829030719,115112.695349511,11268.5048706295,0.918,0.914,32903.5349882196,3034.95025391168,3.48851733132143,3.69333985541875,2,6,0.5
"Exp1",200,"pos","huber_fp",1000,0.000589000000000098,0.000662206552004562,6,20840.9800102856,1930.52072348066,-4.07506369399383,-1.65387991468564,-5.07506369399383,-3.65387991468564,20866.7362817837,1943.8715619116,0.919,0.913,32903.5349882196,3034.95025391168,0.63339638180965,0.636096331724862,2,6,0.5
"Exp1",200,"pos","gmm_fp",979,0.000344228804902893,0.00055476638236826,6,16535.3520769733,1526.89487923783,-5.31466566426777,-2.04553631861039,-6.31466566426777,-4.04553631861039,16575.2270794248,1543.26124334303,0.936670071501532,0.93973442288049,32903.5349882196,3034.95025391168,0.502540291883331,0.503103758379516,2,6,0.5
"Exp1",50,"pos","ols_fp",1000,6.30000000000451e-05,0.000247168145383193,6,214331.238032043,20542.5934289995,22.5373954634858,6.60054768627601,21.5373954634858,4.60054768627601,214795.097435394,20563.7584680132,0.946,0.943,214331.238032043,20542.5934289995,1,1,2,6,0.5
"Exp1",50,"pos","mle_fp",1000,5.70000000001158e-05,0.000275366713360722,6,214331.238032043,20542.5934289995,22.5373954634858,6.60054768627601,21.5373954634858,4.60054768627601,214795.097435394,20563.7584680132,0.927,0.929,214331.238032043,20542.5934289995,1,1,2,6,0.5
"Exp1",50,"pos","pmm_fp",924,0.00143500000000006,0.00122771425107075,6,1553765.99613441,151516.673265516,-47.2171079543257,-15.405987921164,-48.2171079543257,-17.405987921164,1556090.88563389,151819.641681027,0.886,0.888,214331.238032043,20542.5934289995,7.24936789616324,7.37573246480275,2,6,0.5
"Exp1",50,"pos","huber_fp",1000,0.000540999999999926,0.000645550722821748,6,166993.293795731,16204.1573210346,21.2903798853141,5.94239501916332,20.2903798853141,3.94239501916332,167404.993311621,16219.6997995218,0.916,0.917,214331.238032043,20542.5934289995,0.779136514719168,0.788807770403497,2,6,0.5
"Exp1",50,"pos","gmm_fp",921,0.000318132464712292,0.000531391925123316,6,126313.419299676,12170.7379898463,6.52706303890111,1.19511698910454,5.52706303890111,-0.80488301089546,126343.967725512,12171.3858265075,0.908794788273616,0.905537459283388,214331.238032043,20542.5934289995,0.58933742211106,0.592463557822505,2,6,0.5
"Exp1",500,"pos","ols_fp",1000,0.000117999999999981,0.000331943046600095,6,11957.0246673553,1091.93995477473,-1.25069322550848,-0.642147085016806,-2.25069322550848,-2.64214708501681,11962.0902873507,1098.92089599359,0.948,0.944,11957.0246673553,1091.93995477473,1,1,2,6,0.5
"Exp1",500,"pos","mle_fp",1000,9.10000000000794e-05,0.00028775302222904,6,11957.0246673553,1091.93995477473,-1.25069322550848,-0.642147085016806,-2.25069322550848,-2.64214708501681,11962.0902873507,1098.92089599359,0.948,0.943,11957.0246673553,1091.93995477473,1,1,2,6,0.5
"Exp1",500,"pos","pmm_fp",995,0.00259699999999998,0.00206709067625554,6,7477.62789061761,696.579718560098,0.727565412223391,-0.099417829163089,-0.272434587776609,-2.09941782916309,7477.70211122223,700.987273781506,0.93,0.926,11957.0246673553,1091.93995477473,0.625375300180888,0.637928592606364,2,6,0.5
"Exp1",500,"pos","huber_fp",1000,0.000881000000000029,0.00119593865614795,6,7510.96742616741,688.390683384132,-2.3469128649293,-1.00258110038904,-3.3469128649293,-3.00258110038904,7522.16925189284,697.406176648545,0.938,0.933,11957.0246673553,1091.93995477473,0.628163580415921,0.630429063772239,2,6,0.5
"Exp1",500,"pos","gmm_fp",995,0.000491457286432065,0.000575031612231108,6,6065.03627579463,556.28656766361,-1.25007795884969,-0.723097612613966,-2.25007795884969,-2.72309761261397,6070.09912661553,563.701828271434,0.936683417085427,0.934673366834171,11957.0246673553,1091.93995477473,0.5072362435074,0.509447946502127,2,6,0.5
"Gamma3",100,"pos","ols_fp",1000,7.79999999999993e-05,0.000289827534923792,6,15922.2001611187,908.74448867954,3.74212632103255,0.581285468741551,2.24212632103255,0.281285468741551,15927.2272915581,908.823610194465,0.948,0.947,15922.2001611187,908.74448867954,1,1,1.155,2,0.66649375
"Gamma3",100,"pos","mle_fp",1000,5.69999999999846e-05,0.000260420465437703,6,15922.2001611187,908.74448867954,3.74212632103255,0.581285468741551,2.24212632103255,0.281285468741551,15927.2272915581,908.823610194465,0.941,0.942,15922.2001611187,908.74448867954,1,1,1.155,2,0.66649375
"Gamma3",100,"pos","pmm_fp",984,0.00123800000000007,0.00093927537934213,6,13375.3926359469,767.538592030732,-6.43972517285576,-2.02998414583165,-7.93972517285576,-2.32998414583165,13438.4318717673,772.967418150559,0.93,0.931,15922.2001611187,908.74448867954,0.840046758651421,0.844614302031159,1.155,2,0.66649375
"Gamma3",100,"pos","huber_fp",1000,0.000549000000000003,0.00143654539178631,6,14825.5821335873,846.813335851932,1.05250910784675,-0.127300131389259,-0.447490892153253,-0.427300131389259,14825.7823816858,846.995921254217,0.945,0.944,15922.2001611187,908.74448867954,0.931126476464648,0.93184976239295,1.155,2,0.66649375
"Gamma3",100,"pos","gmm_fp",984,0.000311991869918654,0.00052138255826209,6,12351.0208477539,705.48302803415,-4.55037122521675,-1.57496917961658,-6.05037122521675,-1.87496917961658,12387.6278397169,708.998537458662,0.908536585365854,0.900406504065041,15922.2001611187,908.74448867954,0.775710688395603,0.776327159969089,1.155,2,0.66649375
"Gamma3",1000,"pos","ols_fp",1000,0.000133000000000031,0.000342678316250806,6,1225.66104995483,67.1536166447503,1.7511610293453,0.0733379633416545,0.2511610293453,-0.226662036658346,1225.72413181749,67.2049923236124,0.95,0.948,1225.66104995483,67.1536166447503,1,1,1.155,2,0.66649375
"Gamma3",1000,"pos","mle_fp",1000,0.000130000000000038,0.000348168380559265,6,1225.66104995483,67.1536166447503,1.7511610293453,0.0733379633416545,0.2511610293453,-0.226662036658346,1225.72413181749,67.2049923236124,0.949,0.948,1225.66104995483,67.1536166447503,1,1,1.155,2,0.66649375
"Gamma3",1000,"pos","pmm_fp",1000,0.00386500000000004,0.00171046797710455,6,827.769290246637,45.4443179713901,1.8098805861389,0.0650716789392328,0.309880586138904,-0.234928321060767,827.865316224302,45.4995092874266,0.945,0.945,1225.66104995483,67.1536166447503,0.675365583557657,0.676721824407393,1.155,2,0.66649375
"Gamma3",1000,"pos","huber_fp",1000,0.00100299999999991,0.000411290846190555,6,1058.56284167375,58.049676658163,1.29174158191584,-0.0123039451352633,-0.208258418084162,-0.312303945135263,1058.60621324245,58.14721041231,0.949,0.952,1225.66104995483,67.1536166447503,0.863666869166444,0.864431129082025,1.155,2,0.66649375
"Gamma3",1000,"pos","gmm_fp",1000,0.000744000000000071,0.000588906453361474,6,827.769290246487,45.4443179713822,1.80988058613817,0.0650716789390596,0.309880586138167,-0.23492832106094,827.865316224152,45.4995092874187,0.944,0.943,1225.66104995483,67.1536166447503,0.675365583557535,0.676721824407275,1.155,2,0.66649375
"Gamma3",200,"pos","ols_fp",1000,8.5999999999995e-05,0.000301155598810107,6,6502.19172323284,362.627874155299,-0.0238202612417715,-0.336663631720069,-1.52382026124177,-0.636663631720069,6504.51375142141,363.033214735254,0.949,0.949,6502.19172323284,362.627874155299,1,1,1.155,2,0.66649375
"Gamma3",200,"pos","mle_fp",1000,7.20000000000243e-05,0.000367356708052257,6,6502.19172323284,362.627874155299,-0.0238202612417715,-0.336663631720069,-1.52382026124177,-0.636663631720069,6504.51375142141,363.033214735254,0.946,0.946,6502.19172323284,362.627874155299,1,1,1.155,2,0.66649375
"Gamma3",200,"pos","pmm_fp",994,0.00149500000000017,0.00115642220331169,6,199158.448182051,12587.7889574077,9.00479760245056,1.92355596693745,7.50479760245056,1.62355596693745,199214.770169105,12590.4248913855,0.931,0.935,6502.19172323284,362.627874155299,30.6294333755867,34.7126899351838,1.155,2,0.66649375
"Gamma3",200,"pos","huber_fp",1000,0.000584000000000085,0.000674832867752831,6,5750.17066842537,321.367058163114,-2.00609191974014,-0.823182781228742,-3.50609191974014,-1.12318278122874,5762.46334897504,322.628597723162,0.947,0.946,6502.19172323284,362.627874155299,0.88434345112888,0.886217196931433,1.155,2,0.66649375
"Gamma3",200,"pos","gmm_fp",994,0.000344064386317856,0.000515939272794454,6,4715.92289121282,263.430205469434,-4.2968721310261,-1.43182718194336,-5.7968721310261,-1.73182718194336,4749.52661771629,266.429430857552,0.917505030181087,0.916498993963783,6502.19172323284,362.627874155299,0.725282042109349,0.726447756072435,1.155,2,0.66649375
"Gamma3",50,"pos","ols_fp",1000,7.79999999999958e-05,0.000289827534923764,6,93185.4020258857,6085.56051617554,7.92419294815077,1.4062435012445,6.42419294815077,1.1062435012445,93226.6722809208,6086.78429085959,0.942,0.943,93185.4020258857,6085.56051617554,1,1,1.155,2,0.66649375
"Gamma3",50,"pos","mle_fp",1000,6.39999999999894e-05,0.000248929640593382,6,93185.4020258857,6085.56051617554,7.92419294815077,1.4062435012445,6.42419294815077,1.1062435012445,93226.6722809208,6086.78429085959,0.929,0.926,93185.4020258857,6085.56051617554,1,1,1.155,2,0.66649375
"Gamma3",50,"pos","pmm_fp",972,0.00112500000000002,0.000946716045745163,6,80854.8423820453,5352.76731825463,-5.78350141062817,-2.27907407235275,-7.28350141062817,-2.57907407235275,80907.8917748439,5359.41894132531,0.905,0.909,93185.4020258857,6085.56051617554,0.867677132085397,0.879584929609503,1.155,2,0.66649375
"Gamma3",50,"pos","huber_fp",1000,0.000523000000000014,0.000572537159317022,6,86504.9493907889,5679.91440316866,6.3605572216604,0.951497309216162,4.8605572216604,0.651497309216162,86528.5744072939,5680.33885191258,0.939,0.94,93185.4020258857,6085.56051617554,0.92831009482321,0.933342851175555,1.155,2,0.66649375
"Gamma3",50,"pos","gmm_fp",972,0.000264403292181137,0.000485684196715066,6,79616.8176757475,5304.51276169296,-5.67448082123785,-2.27529851356335,-7.17448082123785,-2.57529851356335,79668.2908508018,5311.14492412692,0.869341563786008,0.863168724279835,93185.4020258857,6085.56051617554,0.854391524260752,0.871655576769545,1.155,2,0.66649375
"Gamma3",500,"pos","ols_fp",1000,9.49999999999846e-05,0.000296754213218685,6,2358.65342054438,129.715112867753,1.56596763835712,-0.0144336776930518,0.0659676383571195,-0.314433677693052,2358.65777227369,129.81398140542,0.963,0.961,2358.65342054438,129.715112867753,1,1,1.155,2,0.66649375
"Gamma3",500,"pos","mle_fp",1000,9.90000000000038e-05,0.000354011757324961,6,2358.65342054438,129.715112867753,1.56596763835712,-0.0144336776930518,0.0659676383571195,-0.314433677693052,2358.65777227369,129.81398140542,0.962,0.96,2358.65342054438,129.715112867753,1,1,1.155,2,0.66649375
"Gamma3",500,"pos","pmm_fp",995,0.00235399999999998,0.00153982305965792,6,1863.6775380874,104.212295898017,0.216788775240338,-0.352236298628161,-1.28321122475966,-0.652236298628161,1865.32416913475,104.637708087265,0.951,0.943,2358.65342054438,129.715112867753,0.790144716410798,0.803393633895717,1.155,2,0.66649375
"Gamma3",500,"pos","huber_fp",1000,0.000805000000000106,0.00146939924259345,6,2053.52367135595,113.25880803805,-0.111326891985553,-0.398968303447183,-1.61132689198555,-0.698968303447183,2056.12004570878,113.747364727274,0.948,0.949,2358.65342054438,129.715112867753,0.8706339191122,0.873135022852118,1.155,2,0.66649375
"Gamma3",500,"pos","gmm_fp",995,0.000465326633165844,0.000675493536573087,6,1621.29206091085,89.721035019855,-0.690347622092207,-0.572047697197423,-2.19034762209221,-0.872047697197423,1626.08968361645,90.4815022060423,0.944723618090452,0.942713567839196,2358.65342054438,129.715112867753,0.687380369998002,0.691677577394759,1.155,2,0.66649375
"Gauss",100,"pos","ols_fp",1000,7.69999999999956e-05,0.000270451740878359,6,74255.5334975289,6924.19374379707,7.49978450579808,2.04902663180448,6.49978450579808,0.0490266318044799,74297.7806961507,6924.19614740769,0.944,0.943,74255.5334975289,6924.19374379707,1,1,0,0,1
"Gauss",100,"pos","mle_fp",1000,5.60000000000008e-05,0.000273749774317604,6,74255.5334975289,6924.19374379707,7.49978450579808,2.04902663180448,6.49978450579808,0.0490266318044799,74297.7806961507,6924.19614740769,0.935,0.933,74255.5334975289,6924.19374379707,1,1,0,0,1
"Gauss",100,"pos","pmm_fp",1000,0.00111799999999998,0.00128051384831079,6,75979.0420253108,7081.56829067979,7.33291531660492,2.00025907159308,6.33291531660492,0.000259071593077032,76019.1478417181,7081.5682907469,0.93,0.929,74255.5334975289,6924.19374379707,1.02321050629633,1.02272821251192,0,0,1
"Gauss",100,"pos","huber_fp",1000,0.000492999999999991,0.000585058367424377,6,77528.2357081851,7219.39023979142,6.98414524005119,1.89114911819093,5.98414524005119,-0.108850881809074,77564.0457024391,7219.40208830589,0.949,0.95,74255.5334975289,6924.19374379707,1.04407351286171,1.04263261643405,0,0,1
"Gauss",100,"pos","gmm_fp",1000,0.000272000000000003,0.000460682350680201,6,75979.0420437768,7081.56829258549,7.33291528876907,2.00025906299165,6.33291528876907,0.000259062991653014,76019.1478598315,7081.56829265261,0.907,0.905,74255.5334975289,6924.19374379707,1.02321050654501,1.02272821278714,0,0,1
"Gauss",1000,"pos","ols_fp",1000,0.000110999999999994,0.000323703234126219,6,5930.73308879418,544.2853882944,0.0506727824937255,-0.297082335876452,-0.949327217506275,-2.29708233587645,5931.63431096008,549.561975552196,0.951,0.947,5930.73308879418,544.2853882944,1,1,0,0,1
"Gauss",1000,"pos","mle_fp",1000,0.000106999999999989,0.000331150510584917,6,5930.73308879418,544.2853882944,0.0506727824937255,-0.297082335876452,-0.949327217506275,-2.29708233587645,5931.63431096008,549.561975552196,0.951,0.946,5930.73308879418,544.2853882944,1,1,0,0,1
"Gauss",1000,"pos","pmm_fp",1000,0.00308900000000003,0.00120354789166345,6,5955.50061933023,546.625273453802,0.080858916508966,-0.289519083017573,-0.919141083491034,-2.28951908301757,5956.34543966159,551.867171085304,0.95,0.942,5930.73308879418,544.2853882944,1.00417613306234,1.00429900418002,0,0,1
"Gauss",1000,"pos","huber_fp",1000,0.00092199999999998,0.00108862348913712,6,6179.64494802974,566.880176516687,1.09736378495479,0.00992904641900715,0.0973637849547875,-1.99007095358099,6179.65442773636,570.840558916974,0.949,0.946,5930.73308879418,544.2853882944,1.04196982995338,1.04151275913008,0,0,1
"Gauss",1000,"pos","gmm_fp",1000,0.00073100000000008,0.000578769361640714,6,5955.50061775988,546.625273312793,0.08085891467012,-0.28951908357892,-0.91914108532988,-2.28951908357892,5956.34543809462,551.867170946865,0.95,0.933,5930.73308879418,544.2853882944,1.00417613279756,1.00429900392095,0,0,1
"Gauss",200,"pos","ols_fp",1000,5.10000000000047e-05,0.000220107808692597,6,29555.7120391822,2715.23369946413,-13.4013556139976,-4.35250616067905,-14.4013556139976,-6.35250616067905,29763.111082703,2755.58803398559,0.949,0.947,29555.7120391822,2715.23369946413,1,1,0,0,1
"Gauss",200,"pos","mle_fp",1000,6.30000000000113e-05,0.000277683467473538,6,29555.7120391822,2715.23369946413,-13.4013556139976,-4.35250616067905,-14.4013556139976,-6.35250616067905,29763.111082703,2755.58803398559,0.947,0.944,29555.7120391822,2715.23369946413,1,1,0,0,1
"Gauss",200,"pos","pmm_fp",1000,0.00133200000000006,0.000801510086286126,6,29794.2642307803,2737.86825823745,-12.8321003225652,-4.18610288782277,-13.8321003225652,-6.18610288782277,29985.5912301138,2776.13612717618,0.944,0.943,29555.7120391822,2715.23369946413,1.0080712720195,1.00833613650928,0,0,1
"Gauss",200,"pos","huber_fp",1000,0.000488999999999989,0.000551528043877348,6,30773.8098360179,2830.71731059565,-14.4664053987734,-4.66953579974747,-15.4664053987734,-6.66953579974747,31013.0195319771,2875.20001837976,0.947,0.951,29555.7120391822,2715.23369946413,1.04121361702336,1.04253173903753,0,0,1
"Gauss",200,"pos","gmm_fp",1000,0.000340999999999983,0.000571879398165411,6,29794.2642235391,2737.868257598,-12.8321003149941,-4.18610288552041,-13.8321003149941,-6.1861028855204,29985.5912226632,2776.13612650824,0.933,0.93,29555.7120391822,2715.23369946413,1.00807127177449,1.00833613627377,0,0,1
"Gauss",50,"pos","ols_fp",1000,7.39999999999999e-05,0.00034152692520597,6,225261.320932081,21960.052910305,12.9341235581036,4.43187474503863,11.9341235581036,2.43187474503863,225403.744237181,21965.9669250805,0.95,0.953,225261.320932081,21960.052910305,1,1,0,0,1
"Gauss",50,"pos","mle_fp",1000,5.60000000000019e-05,0.000262550819714844,6,225261.320932081,21960.052910305,12.9341235581036,4.43187474503863,11.9341235581036,2.43187474503863,225403.744237181,21965.9669250805,0.926,0.923,225261.320932081,21960.052910305,1,1,0,0,1
"Gauss",50,"pos","pmm_fp",998,0.00104199999999999,0.00118896999526888,6,334827.729124832,31621.5323840263,8.35655540381426,3.08621261568682,7.35655540381426,1.08621261568682,334881.848032241,31622.7122418728,0.911,0.911,225261.320932081,21960.052910305,1.48639690000658,1.43995702165124,0,0,1
"Gauss",50,"pos","huber_fp",1000,0.000466000000000001,0.000556015425283466,6,235934.321448146,22970.2799724768,16.3046456821247,5.479502009635,15.3046456821247,3.479502009635,236168.553627601,22982.3869067119,0.945,0.945,225261.320932081,21960.052910305,1.04738052885379,1.04600294299372,0,0,1
"Gauss",50,"pos","gmm_fp",998,0.000261523046092187,0.000464099828617411,6,232586.106594621,22604.1708384799,18.6538467474269,6.14226580571226,17.6538467474269,4.14226580571226,232897.764899603,22621.3292044851,0.887775551102204,0.881763527054108,225261.320932081,21960.052910305,1.03251683703279,1.02933134682352,0,0,1
"Gauss",500,"pos","ols_fp",1000,6.6000000000015e-05,0.000256339052252552,6,10972.9209816893,1003.69499264565,-0.596399959990478,-0.546899330330097,-1.59639995999048,-2.5468993303301,10975.4694745215,1010.18168884448,0.956,0.957,10972.9209816893,1003.69499264565,1,1,0,0,1
"Gauss",500,"pos","mle_fp",1000,9.29999999999964e-05,0.000304045133892051,6,10972.9209816893,1003.69499264565,-0.596399959990478,-0.546899330330097,-1.59639995999048,-2.5468993303301,10975.4694745215,1010.18168884448,0.956,0.956,10972.9209816893,1003.69499264565,1,1,0,0,1
"Gauss",500,"pos","pmm_fp",1000,0.00201200000000001,0.00165063035855414,6,11029.165399826,1009.01979987373,-0.391924598066864,-0.478375396273139,-1.39192459806686,-2.47837539627314,11031.1028539127,1015.16214447858,0.95,0.95,10972.9209816893,1003.69499264565,1.00512574712154,1.00530520453634,0,0,1
"Gauss",500,"pos","huber_fp",1000,0.000616000000000003,0.000599085054815197,6,11331.4561980409,1035.81727404416,-1.42856381378297,-0.799073494175263,-2.42856381378297,-2.79907349417526,11337.3541202386,1043.65208646996,0.957,0.96,10972.9209816893,1003.69499264565,1.03267454645394,1.03200402675502,0,0,1
"Gauss",500,"pos","gmm_fp",1000,0.000452999999999978,0.000534861736411432,6,11029.1653973488,1009.01979964999,-0.391924585686899,-0.478375392539276,-1.3919245856869,-2.47837539253928,11031.102851401,1015.16214423633,0.938,0.934,10972.9209816893,1003.69499264565,1.00512574689578,1.00530520431342,0,0,1
"LogN",100,"pos","ols_fp",1000,7.40000000000406e-05,0.000290875589571694,6,373849.624637637,35040.0736143465,-14.1269730707644,-5.18604208021572,-15.1269730707644,-7.18604208021572,374078.44995192,35091.7128151252,0.944,0.942,373849.624637637,35040.0736143465,1,1,6.18487713863255,110.936392176312,0.661289824450376
"LogN",100,"pos","mle_fp",1000,5.60000000000045e-05,0.000254811555720965,6,373849.624637637,35040.0736143465,-14.1269730707644,-5.18604208021572,-15.1269730707644,-7.18604208021572,374078.44995192,35091.7128151252,0.937,0.938,373849.624637637,35040.0736143465,1,1,6.18487713863255,110.936392176312,0.661289824450376
"LogN",100,"pos","pmm_fp",959,0.00140300000000003,0.00125943526120932,6,1191604.93301057,108125.676834056,11.0928835262624,2.3461521392199,10.0928835262624,0.346152139219897,1191706.79930844,108125.79665536,0.913,0.914,373849.624637637,35040.0736143465,3.1873910109327,3.08577196566694,6.18487713863255,110.936392176312,0.661289824450376
"LogN",100,"pos","huber_fp",1000,0.000620000000000104,0.000654238510046653,6,105040.658921172,9962.98911715505,-20.7925292135763,-7.13893499401358,-21.7925292135763,-9.13893499401358,105515.573250696,10046.5092499799,0.918,0.917,373849.624637637,35040.0736143465,0.280970347430427,0.284331283855405,6.18487713863255,110.936392176312,0.661289824450376
"LogN",100,"pos","gmm_fp",959,0.000261730969760194,0.000469648212180988,6,113473.937286987,10654.9292603107,-23.561561476958,-7.92335877871974,-24.561561476958,-9.92335877871974,114077.207589173,10753.4023097619,0.933263816475495,0.927007299270073,373849.624637637,35040.0736143465,0.303528290009584,0.304078392573588,6.18487713863255,110.936392176312,0.661289824450376
"LogN",1000,"pos","ols_fp",1000,0.000132999999999953,0.000348471566174844,6,27796.2233965659,2537.69052450746,-0.40613147243985,-0.388811687775585,-1.40613147243985,-2.38881168777558,27798.2006022837,2543.39694578712,0.941,0.94,27796.2233965659,2537.69052450746,1,1,6.18487713863255,110.936392176312,0.661289824450376
"LogN",1000,"pos","mle_fp",1000,0.000126999999999981,0.000336130903048157,6,27796.2233965659,2537.69052450746,-0.40613147243985,-0.388811687775585,-1.40613147243985,-2.38881168777558,27798.2006022837,2543.39694578712,0.94,0.938,27796.2233965659,2537.69052450746,1,1,6.18487713863255,110.936392176312,0.661289824450376
"LogN",1000,"pos","pmm_fp",1000,0.0037439999999999,0.00131003060276456,6,12055.4657768669,1106.40679488483,-1.34323030924467,-0.698566117223923,-2.34323030924467,-2.69856611722392,12060.9565051491,1113.68905397386,0.943,0.943,27796.2233965659,2537.69052450746,0.433708767010281,0.435989646570308,6.18487713863255,110.936392176312,0.661289824450376
"LogN",1000,"pos","huber_fp",1000,0.00130900000000028,0.00115275662992988,6,6698.40418630622,613.914838875121,-2.55070309236979,-0.982978696217682,-3.55070309236979,-2.98297869621768,6711.01167875639,622.81300077721,0.941,0.94,27796.2233965659,2537.69052450746,0.240982528120485,0.241918718199208,6.18487713863255,110.936392176312,0.661289824450376
"LogN",1000,"pos","gmm_fp",1000,0.000748999999999853,0.000527519930691842,6,12055.4657768683,1106.40679488496,-1.34323030932971,-0.69856611724981,-2.34323030932971,-2.69856611724981,12060.9565051509,1113.68905397413,0.95,0.952,27796.2233965659,2537.69052450746,0.433708767010332,0.43598964657036,6.18487713863255,110.936392176312,0.661289824450376
"LogN",200,"pos","ols_fp",1000,8.20000000000007e-05,0.000324624985762652,6,136250.311042329,12466.3043350288,-1.51327503356656,-0.853315141099366,-2.51327503356656,-2.85331514109937,136256.627593723,12474.4457423232,0.952,0.954,136250.311042329,12466.3043350288,1,1,6.18487713863255,110.936392176312,0.661289824450376
"LogN",200,"pos","mle_fp",1000,5.89999999999976e-05,0.000259974203694542,6,136250.311042329,12466.3043350288,-1.51327503356656,-0.853315141099366,-2.51327503356656,-2.85331514109937,136256.627593723,12474.4457423232,0.951,0.949,136250.311042329,12466.3043350288,1,1,6.18487713863255,110.936392176312,0.661289824450376
"LogN",200,"pos","pmm_fp",984,0.001666,0.00194788044762461,6,2114894.82171197,207759.705507998,-29.9074179714021,-9.55410104642051,-30.9074179714021,-11.5541010464205,2115850.09019762,207893.202758989,0.934,0.927,136250.311042329,12466.3043350288,15.5221283939303,16.6657013918887,6.18487713863255,110.936392176312,0.661289824450376
"LogN",200,"pos","huber_fp",1000,0.000659000000000063,0.000634918988629428,6,37372.3544486052,3451.50401271459,-1.73955760085619,-0.87572017426272,-2.73955760085619,-2.87572017426272,37379.8596244536,3459.77377923525,0.948,0.945,136250.311042329,12466.3043350288,0.274291883539222,0.276866657507814,6.18487713863255,110.936392176312,0.661289824450376
"LogN",200,"pos","gmm_fp",984,0.000343495934959307,0.000531699490217855,6,51280.5269230196,4740.52853940657,-11.0041678878712,-3.7241478146829,-12.0041678878712,-5.7241478146829,51424.6269696998,4773.2944076109,0.95020325203252,0.945121951219512,136250.311042329,12466.3043350288,0.376369980594674,0.380267352056075,6.18487713863255,110.936392176312,0.661289824450376
"LogN",50,"pos","ols_fp",1000,9.99999999999731e-05,0.00110418260229868,6,1060607.37970916,102152.260642618,32.8103694689269,9.98120131827655,31.8103694689269,7.98120131827655,1061619.27931491,102215.960217101,0.944,0.947,1060607.37970916,102152.260642618,1,1,6.18487713863255,110.936392176312,0.661289824450376
"LogN",50,"pos","mle_fp",1000,5.7000000000002e-05,0.000231958627355849,6,1060607.37970916,102152.260642618,32.8103694689269,9.98120131827655,31.8103694689269,7.98120131827655,1061619.27931491,102215.960217101,0.931,0.93,1060607.37970916,102152.260642618,1,1,6.18487713863255,110.936392176312,0.661289824450376
"LogN",50,"pos","pmm_fp",924,0.00130599999999994,0.00122876925167988,6,16762492.1047549,1481120.29765465,-2.95964891570645,-2.79985944520756,-3.95964891570645,-4.79985944520756,16762507.7835745,1481143.33630535,0.897,0.894,1060607.37970916,102152.260642618,15.8046157564465,14.4991436150041,6.18487713863255,110.936392176312,0.661289824450376
"LogN",50,"pos","huber_fp",998,0.000581162324649247,0.000627780356679059,6,381442.854723203,37990.6683138027,2.16007800464023,-0.875632519190766,1.16007800464023,-2.87563251919077,381444.20050418,37998.9375761881,0.906813627254509,0.904809619238477,1060607.37970916,102152.260642618,0.359645672866995,0.371902374698432,6.18487713863255,110.936392176312,0.661289824450376
"LogN",50,"pos","gmm_fp",923,0.000290357529794181,0.000514627871382275,6,541132.002599589,55664.0545472041,-10.1129204833764,-5.28523733856287,-11.1129204833764,-7.28523733856287,541255.499601259,55717.1292302833,0.910075839653304,0.90899241603467,1060607.37970916,102152.260642618,0.510209539318854,0.544912605918201,6.18487713863255,110.936392176312,0.661289824450376
"LogN",500,"pos","ols_fp",1000,9.10000000001006e-05,0.000307918518140755,6,55435.0734638484,5091.53730983044,9.34278886247652,2.54522678570857,8.34278886247652,0.545226785708565,55504.6755898523,5091.8345820783,0.96,0.958,55435.0734638484,5091.53730983044,1,1,6.18487713863255,110.936392176312,0.661289824450376
"LogN",500,"pos","mle_fp",1000,9.5000000000013e-05,0.000296754213218793,6,55435.0734638484,5091.53730983044,9.34278886247652,2.54522678570857,8.34278886247652,0.545226785708565,55504.6755898523,5091.8345820783,0.958,0.957,55435.0734638484,5091.53730983044,1,1,6.18487713863255,110.936392176312,0.661289824450376
"LogN",500,"pos","pmm_fp",999,0.00232399999999986,0.00160299519450138,6,20849.0527246281,1914.13962952526,1.72421916480882,0.170338027845775,0.724219164808819,-1.82966197215423,20849.5772180268,1917.4872924576,0.942,0.941,55435.0734638484,5091.53730983044,0.376098585640455,0.375945321235209,6.18487713863255,110.936392176312,0.661289824450376
"LogN",500,"pos","huber_fp",1000,0.000856000000000044,0.000591281332035483,6,14064.3918050036,1294.28628424649,-2.02186452178519,-0.893798695145595,-3.02186452178519,-2.8937986951456,14073.5234701917,1302.66035513451,0.942,0.943,55435.0734638484,5091.53730983044,0.253709266105251,0.254203437093067,6.18487713863255,110.936392176312,0.661289824450376
"LogN",500,"pos","gmm_fp",999,0.000462462462462473,0.000559435678966096,6,20597.8320919492,1888.73365917656,2.24560106241393,0.335554838810037,1.24560106241393,-1.66444516118996,20599.3836139558,1891.50403687117,0.93993993993994,0.938938938938939,55435.0734638484,5091.53730983044,0.371566786240157,0.370955478521174,6.18487713863255,110.936392176312,0.661289824450376
